path,pH,well,hour,split
Preprocessed_Data/0 hr/pH5 Hydrolytic/cropped_0hr_pH5_W2.JPG,5,2,0,test
Preprocessed_Data/24 hr/pH5 Hydrolytic/cropped_24hr_pH5_W2.JPG,5,2,24,test
Preprocessed_Data/30 hr/pH5 Hydrolytic/cropped_30hr_pH5_W2.JPG,5,2,30,test
Preprocessed_Data/48 hr/pH5 Hydrolytic/cropped_48hr_pH5_W2.JPG,5,2,48,test
Preprocessed_Data/72 hr/pH5 Hydrolytic/cropped_72hr_pH5_W2.JPG,5,2,72,test
Preprocessed_Data/95 hr/pH5 Hydrolytic/cropped_95hr_pH5_W2.JPG,5,2,95,test
Preprocessed_Data/120 hr/pH5 Hydrolytic/cropped_120hr_pH5_W2.JPG,5,2,120,test
Preprocessed_Data/168 hr/pH5 Hydrolytic/cropped_168hr_pH5_W2.JPG,5,2,168,test
Preprocessed_Data/192 hr/pH5 Hydrolytic/cropped_192hr_pH5_W2.JPG,5,2,192,test
Preprocessed_Data/216 hr/pH5 Hydrolytic/cropped_216hr_pH5_W2.JPG,5,2,216,test
Preprocessed_Data/264 hr/pH5 Hydrolytic/cropped_264hr_pH5_W2.JPG,5,2,264,test
Preprocessed_Data/0 hr/pH5 Hydrolytic/cropped_0hr_pH5_W7.JPG,5,7,0,test
Preprocessed_Data/24 hr/pH5 Hydrolytic/cropped_24hr_pH5_W7.JPG,5,7,24,test
Preprocessed_Data/30 hr/pH5 Hydrolytic/cropped_30hr_pH5_W7.JPG,5,7,30,test
Preprocessed_Data/48 hr/pH5 Hydrolytic/cropped_48hr_pH5_W7.JPG,5,7,48,test
Preprocessed_Data/72 hr/pH5 Hydrolytic/cropped_72hr_pH5_W7.JPG,5,7,72,test
Preprocessed_Data/95 hr/pH5 Hydrolytic/cropped_95hr_pH5_W7.JPG,5,7,95,test
Preprocessed_Data/120 hr/pH5 Hydrolytic/cropped_120hr_pH5_W7.JPG,5,7,120,test
Preprocessed_Data/168 hr/pH5 Hydrolytic/cropped_168hr_pH5_W7.JPG,5,7,168,test
Preprocessed_Data/192 hr/pH5 Hydrolytic/cropped_192hr_pH5_W7.JPG,5,7,192,test
Preprocessed_Data/216 hr/pH5 Hydrolytic/cropped_216hr_pH5_W7.JPG,5,7,216,test
Preprocessed_Data/264 hr/pH5 Hydrolytic/cropped_264hr_pH5_W7.JPG,5,7,264,test
Preprocessed_Data/0 hr/pH5 Hydrolytic/cropped_0hr_pH5_W8.JPG,5,8,0,test
Preprocessed_Data/24 hr/pH5 Hydrolytic/cropped_24hr_pH5_W8.JPG,5,8,24,test
Preprocessed_Data/30 hr/pH5 Hydrolytic/cropped_30hr_pH5_W8.JPG,5,8,30,test
Preprocessed_Data/48 hr/pH5 Hydrolytic/cropped_48hr_pH5_W8.JPG,5,8,48,test
Preprocessed_Data/72 hr/pH5 Hydrolytic/cropped_72hr_pH5_W8.JPG,5,8,72,test
Preprocessed_Data/95 hr/pH5 Hydrolytic/cropped_95hr_pH5_W8.JPG,5,8,95,test
Preprocessed_Data/120 hr/pH5 Hydrolytic/cropped_120hr_pH5_W8.JPG,5,8,120,test
Preprocessed_Data/168 hr/pH5 Hydrolytic/cropped_168hr_pH5_W8.JPG,5,8,168,test
Preprocessed_Data/192 hr/pH5 Hydrolytic/cropped_192hr_pH5_W8.JPG,5,8,192,test
Preprocessed_Data/216 hr/pH5 Hydrolytic/cropped_216hr_pH5_W8.JPG,5,8,216,test
Preprocessed_Data/264 hr/pH5 Hydrolytic/cropped_264hr_pH5_W8.JPG,5,8,264,test
Preprocessed_Data/0 hr/pH5 Hydrolytic/cropped_0hr_pH5_W9.JPG,5,9,0,test
Preprocessed_Data/24 hr/pH5 Hydrolytic/cropped_24hr_pH5_W9.JPG,5,9,24,test
Preprocessed_Data/30 hr/pH5 Hydrolytic/cropped_30hr_pH5_W9.JPG,5,9,30,test
Preprocessed_Data/48 hr/pH5 Hydrolytic/cropped_48hr_pH5_W9.JPG,5,9,48,test
Preprocessed_Data/72 hr/pH5 Hydrolytic/cropped_72hr_pH5_W9.JPG,5,9,72,test
Preprocessed_Data/95 hr/pH5 Hydrolytic/cropped_95hr_pH5_W9.JPG,5,9,95,test
Preprocessed_Data/120 hr/pH5 Hydrolytic/cropped_120hr_pH5_W9.JPG,5,9,120,test
Preprocessed_Data/168 hr/pH5 Hydrolytic/cropped_168hr_pH5_W9.JPG,5,9,168,test
Preprocessed_Data/192 hr/pH5 Hydrolytic/cropped_192hr_pH5_W9.JPG,5,9,192,test
Preprocessed_Data/216 hr/pH5 Hydrolytic/cropped_216hr_pH5_W9.JPG,5,9,216,test
Preprocessed_Data/264 hr/pH5 Hydrolytic/cropped_264hr_pH5_W9.JPG,5,9,264,test
Preprocessed_Data/0 hr/pH5 Hydrolytic/cropped_0hr_pH5_W15.JPG,5,15,0,test
Preprocessed_Data/24 hr/pH5 Hydrolytic/cropped_24hr_pH5_W15.JPG,5,15,24,test
Preprocessed_Data/30 hr/pH5 Hydrolytic/cropped_30hr_pH5_W15.JPG,5,15,30,test
Preprocessed_Data/48 hr/pH5 Hydrolytic/cropped_48hr_pH5_W15.JPG,5,15,48,test
Preprocessed_Data/72 hr/pH5 Hydrolytic/cropped_72hr_pH5_W15.JPG,5,15,72,test
Preprocessed_Data/95 hr/pH5 Hydrolytic/cropped_95hr_pH5_W15.JPG,5,15,95,test
Preprocessed_Data/120 hr/pH5 Hydrolytic/cropped_120hr_pH5_W15.JPG,5,15,120,test
Preprocessed_Data/168 hr/pH5 Hydrolytic/cropped_168hr_pH5_W15.JPG,5,15,168,test
Preprocessed_Data/192 hr/pH5 Hydrolytic/cropped_192hr_pH5_W15.JPG,5,15,192,test
Preprocessed_Data/216 hr/pH5 Hydrolytic/cropped_216hr_pH5_W15.JPG,5,15,216,test
Preprocessed_Data/264 hr/pH5 Hydrolytic/cropped_264hr_pH5_W15.JPG,5,15,264,test
Preprocessed_Data/0 hr/pH5 Hydrolytic/cropped_0hr_pH5_W16.JPG,5,16,0,test
Preprocessed_Data/24 hr/pH5 Hydrolytic/cropped_24hr_pH5_W16.JPG,5,16,24,test
Preprocessed_Data/30 hr/pH5 Hydrolytic/cropped_30hr_pH5_W16.JPG,5,16,30,test
Preprocessed_Data/48 hr/pH5 Hydrolytic/cropped_48hr_pH5_W16.JPG,5,16,48,test
Preprocessed_Data/72 hr/pH5 Hydrolytic/cropped_72hr_pH5_W16.JPG,5,16,72,test
Preprocessed_Data/95 hr/pH5 Hydrolytic/cropped_95hr_pH5_W16.JPG,5,16,95,test
Preprocessed_Data/120 hr/pH5 Hydrolytic/cropped_120hr_pH5_W16.JPG,5,16,120,test
Preprocessed_Data/168 hr/pH5 Hydrolytic/cropped_168hr_pH5_W16.JPG,5,16,168,test
Preprocessed_Data/192 hr/pH5 Hydrolytic/cropped_192hr_pH5_W16.JPG,5,16,192,test
Preprocessed_Data/216 hr/pH5 Hydrolytic/cropped_216hr_pH5_W16.JPG,5,16,216,test
Preprocessed_Data/264 hr/pH5 Hydrolytic/cropped_264hr_pH5_W16.JPG,5,16,264,test
Preprocessed_Data/0 hr/pH5 Hydrolytic/cropped_0hr_pH5_W18.JPG,5,18,0,test
Preprocessed_Data/24 hr/pH5 Hydrolytic/cropped_24hr_pH5_W18.JPG,5,18,24,test
Preprocessed_Data/30 hr/pH5 Hydrolytic/cropped_30hr_pH5_W18.JPG,5,18,30,test
Preprocessed_Data/48 hr/pH5 Hydrolytic/cropped_48hr_pH5_W18.JPG,5,18,48,test
Preprocessed_Data/72 hr/pH5 Hydrolytic/cropped_72hr_pH5_W18.JPG,5,18,72,test
Preprocessed_Data/120 hr/pH5 Hydrolytic/cropped_120hr_pH5_W18.JPG,5,18,120,test
Preprocessed_Data/168 hr/pH5 Hydrolytic/cropped_168hr_pH5_W18.JPG,5,18,168,test
Preprocessed_Data/192 hr/pH5 Hydrolytic/cropped_192hr_pH5_W18.JPG,5,18,192,test
Preprocessed_Data/216 hr/pH5 Hydrolytic/cropped_216hr_pH5_W18.JPG,5,18,216,test
Preprocessed_Data/264 hr/pH5 Hydrolytic/cropped_264hr_pH5_W18.JPG,5,18,264,test
Preprocessed_Data/0 hr/pH5 Hydrolytic/cropped_0hr_pH5_W35.JPG,5,35,0,test
Preprocessed_Data/24 hr/pH5 Hydrolytic/cropped_24hr_pH5_W35.JPG,5,35,24,test
Preprocessed_Data/30 hr/pH5 Hydrolytic/cropped_30hr_pH5_W35.JPG,5,35,30,test
Preprocessed_Data/48 hr/pH5 Hydrolytic/cropped_48hr_pH5_W35.JPG,5,35,48,test
Preprocessed_Data/72 hr/pH5 Hydrolytic/cropped_72hr_pH5_W35.JPG,5,35,72,test
Preprocessed_Data/120 hr/pH5 Hydrolytic/cropped_120hr_pH5_W35.JPG,5,35,120,test
Preprocessed_Data/168 hr/pH5 Hydrolytic/cropped_168hr_pH5_W35.JPG,5,35,168,test
Preprocessed_Data/192 hr/pH5 Hydrolytic/cropped_192hr_pH5_W35.JPG,5,35,192,test
Preprocessed_Data/216 hr/pH5 Hydrolytic/cropped_216hr_pH5_W35.JPG,5,35,216,test
Preprocessed_Data/264 hr/pH5 Hydrolytic/cropped_264hr_pH5_W35.JPG,5,35,264,test
Preprocessed_Data/0 hr/pH5 Hydrolytic/cropped_0hr_pH5_W41.JPG,5,41,0,test
Preprocessed_Data/24 hr/pH5 Hydrolytic/cropped_24hr_pH5_W41.JPG,5,41,24,test
Preprocessed_Data/30 hr/pH5 Hydrolytic/cropped_30hr_pH5_W41.JPG,5,41,30,test
Preprocessed_Data/48 hr/pH5 Hydrolytic/cropped_48hr_pH5_W41.JPG,5,41,48,test
Preprocessed_Data/72 hr/pH5 Hydrolytic/cropped_72hr_pH5_W41.JPG,5,41,72,test
Preprocessed_Data/95 hr/pH5 Hydrolytic/cropped_95hr_pH5_W41.JPG,5,41,95,test
Preprocessed_Data/120 hr/pH5 Hydrolytic/cropped_120hr_pH5_W41.JPG,5,41,120,test
Preprocessed_Data/168 hr/pH5 Hydrolytic/cropped_168hr_pH5_W41.JPG,5,41,168,test
Preprocessed_Data/192 hr/pH5 Hydrolytic/cropped_192hr_pH5_W41.JPG,5,41,192,test
Preprocessed_Data/216 hr/pH5 Hydrolytic/cropped_216hr_pH5_W41.JPG,5,41,216,test
Preprocessed_Data/264 hr/pH5 Hydrolytic/cropped_264hr_pH5_W41.JPG,5,41,264,test
Preprocessed_Data/0 hr/pH6 Hydrolytic/cropped_0hr_pH6_W3.JPG,6,3,0,test
Preprocessed_Data/24 hr/pH6 Hydrolytic/cropped_24hr_pH6_W3.JPG,6,3,24,test
Preprocessed_Data/30 hr/pH6 Hydrolytic/cropped_30hr_pH6_W3.JPG,6,3,30,test
Preprocessed_Data/48 hr/pH6 Hydrolytic/cropped_48hr_pH6_W3.JPG,6,3,48,test
Preprocessed_Data/72 hr/pH6 Hydrolytic/cropped_72hr_pH6_W3.JPG,6,3,72,test
Preprocessed_Data/95 hr/pH6 Hydrolytic/cropped_95hr_pH6_W3.JPG,6,3,95,test
Preprocessed_Data/120 hr/pH6 Hydrolytic/cropped_120hr_pH6_W3.JPG,6,3,120,test
Preprocessed_Data/168 hr/pH6 Hydrolytic/cropped_168hr_pH6_W3.JPG,6,3,168,test
Preprocessed_Data/192 hr/pH6 Hydrolytic/cropped_192hr_pH6_W3.JPG,6,3,192,test
Preprocessed_Data/216 hr/pH6 Hydrolytic/cropped_216hr_pH6_W3.JPG,6,3,216,test
Preprocessed_Data/264 hr/pH6 Hydrolytic/cropped_264hr_pH6_W3.JPG,6,3,264,test
Preprocessed_Data/0 hr/pH6 Hydrolytic/cropped_0hr_pH6_W6.JPG,6,6,0,test
Preprocessed_Data/24 hr/pH6 Hydrolytic/cropped_24hr_pH6_W6.JPG,6,6,24,test
Preprocessed_Data/30 hr/pH6 Hydrolytic/cropped_30hr_pH6_W6.JPG,6,6,30,test
Preprocessed_Data/48 hr/pH6 Hydrolytic/cropped_48hr_pH6_W6.jpg,6,6,48,test
Preprocessed_Data/72 hr/pH6 Hydrolytic/cropped_72hr_pH6_W6.JPG,6,6,72,test
Preprocessed_Data/95 hr/pH6 Hydrolytic/cropped_95hr_pH6_W6.JPG,6,6,95,test
Preprocessed_Data/120 hr/pH6 Hydrolytic/cropped_120hr_pH6_W6.JPG,6,6,120,test
Preprocessed_Data/168 hr/pH6 Hydrolytic/cropped_168hr_pH6_W6.JPG,6,6,168,test
Preprocessed_Data/192 hr/pH6 Hydrolytic/cropped_192hr_pH6_W6.JPG,6,6,192,test
Preprocessed_Data/216 hr/pH6 Hydrolytic/cropped_216hr_pH6_W6.JPG,6,6,216,test
Preprocessed_Data/264 hr/pH6 Hydrolytic/cropped_264hr_pH6_W6.JPG,6,6,264,test
Preprocessed_Data/0 hr/pH6 Hydrolytic/cropped_0hr_pH6_W8.JPG,6,8,0,test
Preprocessed_Data/24 hr/pH6 Hydrolytic/cropped_24hr_pH6_W8.JPG,6,8,24,test
Preprocessed_Data/30 hr/pH6 Hydrolytic/cropped_30hr_pH6_W8.JPG,6,8,30,test
Preprocessed_Data/48 hr/pH6 Hydrolytic/cropped_48hr_pH6_W8.JPG,6,8,48,test
Preprocessed_Data/72 hr/pH6 Hydrolytic/cropped_72hr_pH6_W8.JPG,6,8,72,test
Preprocessed_Data/95 hr/pH6 Hydrolytic/cropped_95hr_pH6_W8.JPG,6,8,95,test
Preprocessed_Data/120 hr/pH6 Hydrolytic/cropped_120hr_pH6_W8.JPG,6,8,120,test
Preprocessed_Data/168 hr/pH6 Hydrolytic/cropped_168hr_pH6_W8.JPG,6,8,168,test
Preprocessed_Data/192 hr/pH6 Hydrolytic/cropped_192hr_pH6_W8.JPG,6,8,192,test
Preprocessed_Data/216 hr/pH6 Hydrolytic/cropped_216hr_pH6_W8.JPG,6,8,216,test
Preprocessed_Data/264 hr/pH6 Hydrolytic/cropped_264hr_pH6_W8.JPG,6,8,264,test
Preprocessed_Data/0 hr/pH6 Hydrolytic/cropped_0hr_pH6_W19.JPG,6,19,0,test
Preprocessed_Data/24 hr/pH6 Hydrolytic/cropped_24hr_pH6_W19.JPG,6,19,24,test
Preprocessed_Data/30 hr/pH6 Hydrolytic/cropped_30hr_pH6_W19.JPG,6,19,30,test
Preprocessed_Data/48 hr/pH6 Hydrolytic/cropped_48hr_pH6_W19.JPG,6,19,48,test
Preprocessed_Data/72 hr/pH6 Hydrolytic/cropped_72hr_pH6_W19.JPG,6,19,72,test
Preprocessed_Data/95 hr/pH6 Hydrolytic/cropped_95hr_pH6_W19.JPG,6,19,95,test
Preprocessed_Data/120 hr/pH6 Hydrolytic/cropped_120hr_pH6_W19.JPG,6,19,120,test
Preprocessed_Data/168 hr/pH6 Hydrolytic/cropped_168hr_pH6_W19.JPG,6,19,168,test
Preprocessed_Data/192 hr/pH6 Hydrolytic/cropped_192hr_pH6_W19.JPG,6,19,192,test
Preprocessed_Data/216 hr/pH6 Hydrolytic/cropped_216hr_pH6_W19.JPG,6,19,216,test
Preprocessed_Data/264 hr/pH6 Hydrolytic/cropped_264hr_pH6_W19.JPG,6,19,264,test
Preprocessed_Data/0 hr/pH6 Hydrolytic/cropped_0hr_pH6_W25.JPG,6,25,0,test
Preprocessed_Data/24 hr/pH6 Hydrolytic/cropped_24hr_pH6_W25.JPG,6,25,24,test
Preprocessed_Data/30 hr/pH6 Hydrolytic/cropped_30hr_pH6_W25.JPG,6,25,30,test
Preprocessed_Data/48 hr/pH6 Hydrolytic/cropped_48hr_pH6_W25.JPG,6,25,48,test
Preprocessed_Data/72 hr/pH6 Hydrolytic/cropped_72hr_pH6_W25.JPG,6,25,72,test
Preprocessed_Data/95 hr/pH6 Hydrolytic/cropped_95hr_pH6_W25.JPG,6,25,95,test
Preprocessed_Data/120 hr/pH6 Hydrolytic/cropped_120hr_pH6_W25.JPG,6,25,120,test
Preprocessed_Data/168 hr/pH6 Hydrolytic/cropped_168hr_pH6_W25.JPG,6,25,168,test
Preprocessed_Data/192 hr/pH6 Hydrolytic/cropped_192hr_pH6_W25.JPG,6,25,192,test
Preprocessed_Data/216 hr/pH6 Hydrolytic/cropped_216hr_pH6_W25.JPG,6,25,216,test
Preprocessed_Data/264 hr/pH6 Hydrolytic/cropped_264hr_pH6_W25.JPG,6,25,264,test
Preprocessed_Data/0 hr/pH6 Hydrolytic/cropped_0hr_pH6_W30.JPG,6,30,0,test
Preprocessed_Data/24 hr/pH6 Hydrolytic/cropped_24hr_pH6_W30.JPG,6,30,24,test
Preprocessed_Data/30 hr/pH6 Hydrolytic/cropped_30hr_pH6_W30.JPG,6,30,30,test
Preprocessed_Data/48 hr/pH6 Hydrolytic/cropped_48hr_pH6_W30.JPG,6,30,48,test
Preprocessed_Data/72 hr/pH6 Hydrolytic/cropped_72hr_pH6_W30.JPG,6,30,72,test
Preprocessed_Data/95 hr/pH6 Hydrolytic/cropped_95hr_pH6_W30.JPG,6,30,95,test
Preprocessed_Data/120 hr/pH6 Hydrolytic/cropped_120hr_pH6_W30.JPG,6,30,120,test
Preprocessed_Data/168 hr/pH6 Hydrolytic/cropped_168hr_pH6_W30.JPG,6,30,168,test
Preprocessed_Data/192 hr/pH6 Hydrolytic/cropped_192hr_pH6_W30.JPG,6,30,192,test
Preprocessed_Data/216 hr/pH6 Hydrolytic/cropped_216hr_pH6_W30.JPG,6,30,216,test
Preprocessed_Data/264 hr/pH6 Hydrolytic/cropped_264hr_pH6_W30.JPG,6,30,264,test
Preprocessed_Data/0 hr/pH6 Hydrolytic/cropped_0hr_pH6_W35.JPG,6,35,0,test
Preprocessed_Data/24 hr/pH6 Hydrolytic/cropped_24hr_pH6_W35.JPG,6,35,24,test
Preprocessed_Data/30 hr/pH6 Hydrolytic/cropped_30hr_pH6_W35.JPG,6,35,30,test
Preprocessed_Data/48 hr/pH6 Hydrolytic/cropped_48hr_pH6_W35.JPG,6,35,48,test
Preprocessed_Data/72 hr/pH6 Hydrolytic/cropped_72hr_pH6_W35.JPG,6,35,72,test
Preprocessed_Data/95 hr/pH6 Hydrolytic/cropped_95hr_pH6_W35.JPG,6,35,95,test
Preprocessed_Data/120 hr/pH6 Hydrolytic/cropped_120hr_pH6_W35.JPG,6,35,120,test
Preprocessed_Data/168 hr/pH6 Hydrolytic/cropped_168hr_pH6_W35.JPG,6,35,168,test
Preprocessed_Data/192 hr/pH6 Hydrolytic/cropped_192hr_pH6_W35.JPG,6,35,192,test
Preprocessed_Data/216 hr/pH6 Hydrolytic/cropped_216hr_pH6_W35.JPG,6,35,216,test
Preprocessed_Data/264 hr/pH6 Hydrolytic/cropped_264hr_pH6_W35.JPG,6,35,264,test
Preprocessed_Data/0 hr/pH6 Hydrolytic/cropped_0hr_pH6_W36.JPG,6,36,0,test
Preprocessed_Data/24 hr/pH6 Hydrolytic/cropped_24hr_pH6_W36.JPG,6,36,24,test
Preprocessed_Data/30 hr/pH6 Hydrolytic/cropped_30hr_pH6_W36.JPG,6,36,30,test
Preprocessed_Data/48 hr/pH6 Hydrolytic/cropped_48hr_pH6_W36.JPG,6,36,48,test
Preprocessed_Data/72 hr/pH6 Hydrolytic/cropped_72hr_pH6_W36.JPG,6,36,72,test
Preprocessed_Data/95 hr/pH6 Hydrolytic/cropped_95hr_pH6_W36.JPG,6,36,95,test
Preprocessed_Data/120 hr/pH6 Hydrolytic/cropped_120hr_pH6_W36.JPG,6,36,120,test
Preprocessed_Data/168 hr/pH6 Hydrolytic/cropped_168hr_pH6_W36.JPG,6,36,168,test
Preprocessed_Data/192 hr/pH6 Hydrolytic/cropped_192hr_pH6_W36.JPG,6,36,192,test
Preprocessed_Data/216 hr/pH6 Hydrolytic/cropped_216hr_pH6_W36.JPG,6,36,216,test
Preprocessed_Data/264 hr/pH6 Hydrolytic/cropped_264hr_pH6_W36.JPG,6,36,264,test
Preprocessed_Data/0 hr/pH6 Hydrolytic/cropped_0hr_pH6_W47.JPG,6,47,0,test
Preprocessed_Data/24 hr/pH6 Hydrolytic/cropped_24hr_pH6_W47.JPG,6,47,24,test
Preprocessed_Data/30 hr/pH6 Hydrolytic/cropped_30hr_pH6_W47.JPG,6,47,30,test
Preprocessed_Data/48 hr/pH6 Hydrolytic/cropped_48hr_pH6_W47.JPG,6,47,48,test
Preprocessed_Data/72 hr/pH6 Hydrolytic/cropped_72hr_pH6_W47.JPG,6,47,72,test
Preprocessed_Data/95 hr/pH6 Hydrolytic/cropped_95hr_pH6_W47.JPG,6,47,95,test
Preprocessed_Data/120 hr/pH6 Hydrolytic/cropped_120hr_pH6_W47.JPG,6,47,120,test
Preprocessed_Data/168 hr/pH6 Hydrolytic/cropped_168hr_pH6_W47.JPG,6,47,168,test
Preprocessed_Data/192 hr/pH6 Hydrolytic/cropped_192hr_pH6_W47.JPG,6,47,192,test
Preprocessed_Data/0 hr/pH7 Hydrolytic/cropped_0hr_pH7_W5.JPG,7,5,0,test
Preprocessed_Data/24 hr/pH7 Hydrolytic/cropped_24hr_pH7_W5.JPG,7,5,24,test
Preprocessed_Data/30 hr/pH7 Hydrolytic/cropped_30hr_pH7_W5.JPG,7,5,30,test
Preprocessed_Data/48 hr/pH7 Hydrolytic/cropped_48hr_pH7_W5.JPG,7,5,48,test
Preprocessed_Data/72 hr/pH7 Hydrolytic/cropped_72hr_pH7_W5.JPG,7,5,72,test
Preprocessed_Data/95 hr/pH7 Hydrolytic/cropped_95hr_pH7_W5.JPG,7,5,95,test
Preprocessed_Data/120 hr/pH7 Hydrolytic/cropped_120hr_pH7_W5.JPG,7,5,120,test
Preprocessed_Data/168 hr/pH7 Hydrolytic/cropped_168hr_pH7_W5.JPG,7,5,168,test
Preprocessed_Data/192 hr/pH7 Hydrolytic/cropped_192hr_pH7_W5.JPG,7,5,192,test
Preprocessed_Data/216 hr/pH7 Hydrolytic/cropped_216hr_pH7_W5.JPG,7,5,216,test
Preprocessed_Data/264 hr/pH7 Hydrolytic/cropped_264hr_pH7_W5.JPG,7,5,264,test
Preprocessed_Data/0 hr/pH7 Hydrolytic/cropped_0hr_pH7_W14.JPG,7,14,0,test
Preprocessed_Data/24 hr/pH7 Hydrolytic/cropped_24hr_pH7_W14.JPG,7,14,24,test
Preprocessed_Data/30 hr/pH7 Hydrolytic/cropped_30hr_pH7_W14.JPG,7,14,30,test
Preprocessed_Data/48 hr/pH7 Hydrolytic/cropped_48hr_pH7_W14.JPG,7,14,48,test
Preprocessed_Data/72 hr/pH7 Hydrolytic/cropped_72hr_pH7_W14.JPG,7,14,72,test
Preprocessed_Data/95 hr/pH7 Hydrolytic/cropped_95hr_pH7_W14.JPG,7,14,95,test
Preprocessed_Data/120 hr/pH7 Hydrolytic/cropped_120hr_pH7_W14.JPG,7,14,120,test
Preprocessed_Data/168 hr/pH7 Hydrolytic/cropped_168hr_pH7_W14.JPG,7,14,168,test
Preprocessed_Data/192 hr/pH7 Hydrolytic/cropped_192hr_pH7_W14.JPG,7,14,192,test
Preprocessed_Data/216 hr/pH7 Hydrolytic/cropped_216hr_pH7_W14.JPG,7,14,216,test
Preprocessed_Data/264 hr/pH7 Hydrolytic/cropped_264hr_pH7_W14.JPG,7,14,264,test
Preprocessed_Data/0 hr/pH7 Hydrolytic/cropped_0hr_pH7_W18.JPG,7,18,0,test
Preprocessed_Data/24 hr/pH7 Hydrolytic/cropped_24hr_pH7_W18.JPG,7,18,24,test
Preprocessed_Data/30 hr/pH7 Hydrolytic/cropped_30hr_pH7_W18.JPG,7,18,30,test
Preprocessed_Data/48 hr/pH7 Hydrolytic/cropped_48hr_pH7_W18.JPG,7,18,48,test
Preprocessed_Data/72 hr/pH7 Hydrolytic/cropped_72hr_pH7_W18.JPG,7,18,72,test
Preprocessed_Data/95 hr/pH7 Hydrolytic/cropped_95hr_pH7_W18.JPG,7,18,95,test
Preprocessed_Data/120 hr/pH7 Hydrolytic/cropped_120hr_pH7_W18.JPG,7,18,120,test
Preprocessed_Data/168 hr/pH7 Hydrolytic/cropped_168hr_pH7_W18.JPG,7,18,168,test
Preprocessed_Data/192 hr/pH7 Hydrolytic/cropped_192hr_pH7_W18.JPG,7,18,192,test
Preprocessed_Data/216 hr/pH7 Hydrolytic/cropped_216hr_pH7_W18.JPG,7,18,216,test
Preprocessed_Data/264 hr/pH7 Hydrolytic/cropped_264hr_pH7_W18.JPG,7,18,264,test
Preprocessed_Data/0 hr/pH7 Hydrolytic/cropped_0hr_pH7_W21.JPG,7,21,0,test
Preprocessed_Data/24 hr/pH7 Hydrolytic/cropped_24hr_pH7_W21.JPG,7,21,24,test
Preprocessed_Data/30 hr/pH7 Hydrolytic/cropped_30hr_pH7_W21.JPG,7,21,30,test
Preprocessed_Data/48 hr/pH7 Hydrolytic/cropped_48hr_pH7_W21.JPG,7,21,48,test
Preprocessed_Data/72 hr/pH7 Hydrolytic/cropped_72hr_pH7_W21.JPG,7,21,72,test
Preprocessed_Data/95 hr/pH7 Hydrolytic/cropped_95hr_pH7_W21.JPG,7,21,95,test
Preprocessed_Data/120 hr/pH7 Hydrolytic/cropped_120hr_pH7_W21.JPG,7,21,120,test
Preprocessed_Data/168 hr/pH7 Hydrolytic/cropped_168hr_pH7_W21.JPG,7,21,168,test
Preprocessed_Data/192 hr/pH7 Hydrolytic/cropped_192hr_pH7_W21.JPG,7,21,192,test
Preprocessed_Data/216 hr/pH7 Hydrolytic/cropped_216hr_pH7_W21.JPG,7,21,216,test
Preprocessed_Data/264 hr/pH7 Hydrolytic/cropped_264hr_pH7_W21.JPG,7,21,264,test
Preprocessed_Data/0 hr/pH7 Hydrolytic/cropped_0hr_pH7_W26.JPG,7,26,0,test
Preprocessed_Data/24 hr/pH7 Hydrolytic/cropped_24hr_pH7_W26.JPG,7,26,24,test
Preprocessed_Data/30 hr/pH7 Hydrolytic/cropped_30hr_pH7_W26.JPG,7,26,30,test
Preprocessed_Data/48 hr/pH7 Hydrolytic/cropped_48hr_pH7_W26.JPG,7,26,48,test
Preprocessed_Data/72 hr/pH7 Hydrolytic/cropped_72hr_pH7_W26.JPG,7,26,72,test
Preprocessed_Data/95 hr/pH7 Hydrolytic/cropped_95hr_pH7_W26.JPG,7,26,95,test
Preprocessed_Data/120 hr/pH7 Hydrolytic/cropped_120hr_pH7_W26.JPG,7,26,120,test
Preprocessed_Data/168 hr/pH7 Hydrolytic/cropped_168hr_pH7_W26.JPG,7,26,168,test
Preprocessed_Data/192 hr/pH7 Hydrolytic/cropped_192hr_pH7_W26.JPG,7,26,192,test
Preprocessed_Data/216 hr/pH7 Hydrolytic/cropped_216hr_pH7_W26.JPG,7,26,216,test
Preprocessed_Data/264 hr/pH7 Hydrolytic/cropped_264hr_pH7_W26.JPG,7,26,264,test
Preprocessed_Data/0 hr/pH7 Hydrolytic/cropped_0hr_pH7_W32.JPG,7,32,0,test
Preprocessed_Data/24 hr/pH7 Hydrolytic/cropped_24hr_pH7_W32.JPG,7,32,24,test
Preprocessed_Data/30 hr/pH7 Hydrolytic/cropped_30hr_pH7_W32.JPG,7,32,30,test
Preprocessed_Data/48 hr/pH7 Hydrolytic/cropped_48hr_pH7_W32.JPG,7,32,48,test
Preprocessed_Data/72 hr/pH7 Hydrolytic/cropped_72hr_pH7_W32.JPG,7,32,72,test
Preprocessed_Data/95 hr/pH7 Hydrolytic/cropped_95hr_pH7_W32.JPG,7,32,95,test
Preprocessed_Data/120 hr/pH7 Hydrolytic/cropped_120hr_pH7_W32.JPG,7,32,120,test
Preprocessed_Data/168 hr/pH7 Hydrolytic/cropped_168hr_pH7_W32.JPG,7,32,168,test
Preprocessed_Data/192 hr/pH7 Hydrolytic/cropped_192hr_pH7_W32.JPG,7,32,192,test
Preprocessed_Data/216 hr/pH7 Hydrolytic/cropped_216hr_pH7_W32.JPG,7,32,216,test
Preprocessed_Data/264 hr/pH7 Hydrolytic/cropped_264hr_pH7_W32.JPG,7,32,264,test
Preprocessed_Data/0 hr/pH7 Hydrolytic/cropped_0hr_pH7_W37.JPG,7,37,0,test
Preprocessed_Data/24 hr/pH7 Hydrolytic/cropped_24hr_pH7_W37.JPG,7,37,24,test
Preprocessed_Data/30 hr/pH7 Hydrolytic/cropped_30hr_pH7_W37.JPG,7,37,30,test
Preprocessed_Data/48 hr/pH7 Hydrolytic/cropped_48hr_pH7_W37.JPG,7,37,48,test
Preprocessed_Data/72 hr/pH7 Hydrolytic/cropped_72hr_pH7_W37.JPG,7,37,72,test
Preprocessed_Data/95 hr/pH7 Hydrolytic/cropped_95hr_pH7_W37.JPG,7,37,95,test
Preprocessed_Data/120 hr/pH7 Hydrolytic/cropped_120hr_pH7_W37.JPG,7,37,120,test
Preprocessed_Data/168 hr/pH7 Hydrolytic/cropped_168hr_pH7_W37.JPG,7,37,168,test
Preprocessed_Data/192 hr/pH7 Hydrolytic/cropped_192hr_pH7_W37.JPG,7,37,192,test
Preprocessed_Data/216 hr/pH7 Hydrolytic/cropped_216hr_pH7_W37.JPG,7,37,216,test
Preprocessed_Data/264 hr/pH7 Hydrolytic/cropped_264hr_pH7_W37.JPG,7,37,264,test
Preprocessed_Data/0 hr/pH7 Hydrolytic/cropped_0hr_pH7_W45.JPG,7,45,0,test
Preprocessed_Data/24 hr/pH7 Hydrolytic/cropped_24hr_pH7_W45.JPG,7,45,24,test
Preprocessed_Data/30 hr/pH7 Hydrolytic/cropped_30hr_pH7_W45.JPG,7,45,30,test
Preprocessed_Data/48 hr/pH7 Hydrolytic/cropped_48hr_pH7_W45.JPG,7,45,48,test
Preprocessed_Data/72 hr/pH7 Hydrolytic/cropped_72hr_pH7_W45.JPG,7,45,72,test
Preprocessed_Data/95 hr/pH7 Hydrolytic/cropped_95hr_pH7_W45.JPG,7,45,95,test
Preprocessed_Data/120 hr/pH7 Hydrolytic/cropped_120hr_pH7_W45.JPG,7,45,120,test
Preprocessed_Data/168 hr/pH7 Hydrolytic/cropped_168hr_pH7_W45.JPG,7,45,168,test
Preprocessed_Data/192 hr/pH7 Hydrolytic/cropped_192hr_pH7_W45.JPG,7,45,192,test
Preprocessed_Data/216 hr/pH7 Hydrolytic/cropped_216hr_pH7_W45.JPG,7,45,216,test
Preprocessed_Data/264 hr/pH7 Hydrolytic/cropped_264hr_pH7_W45.JPG,7,45,264,test
Preprocessed_Data/0 hr/pH7 Hydrolytic/cropped_0hr_pH7_W48.JPG,7,48,0,test
Preprocessed_Data/24 hr/pH7 Hydrolytic/cropped_24hr_pH7_W48.JPG,7,48,24,test
Preprocessed_Data/30 hr/pH7 Hydrolytic/cropped_30hr_pH7_W48.jpg,7,48,30,test
Preprocessed_Data/48 hr/pH7 Hydrolytic/cropped_48hr_pH7_W48.JPG,7,48,48,test
Preprocessed_Data/72 hr/pH7 Hydrolytic/cropped_72hr_pH7_W48.JPG,7,48,72,test
Preprocessed_Data/95 hr/pH7 Hydrolytic/cropped_95hr_pH7_W48.JPG,7,48,95,test
Preprocessed_Data/120 hr/pH7 Hydrolytic/cropped_120hr_pH7_W48.JPG,7,48,120,test
Preprocessed_Data/168 hr/pH7 Hydrolytic/cropped_168hr_pH7_W48.JPG,7,48,168,test
Preprocessed_Data/192 hr/pH7 Hydrolytic/cropped_192hr_pH7_W48.JPG,7,48,192,test
Preprocessed_Data/216 hr/pH7 Hydrolytic/cropped_216hr_pH7_W48.JPG,7,48,216,test
Preprocessed_Data/264 hr/pH7 Hydrolytic/cropped_264hr_pH7_W48.JPG,7,48,264,test
Preprocessed_Data/0 hr/pH8 Hydrolytic/cropped_0hr_pH8_W1.JPG,8,1,0,test
Preprocessed_Data/24 hr/pH8 Hydrolytic/cropped_24hr_pH8_W1.JPG,8,1,24,test
Preprocessed_Data/30 hr/pH8 Hydrolytic/cropped_30hr_pH8_W1.JPG,8,1,30,test
Preprocessed_Data/48 hr/pH8 Hydrolytic/cropped_48hr_pH8_W1.JPG,8,1,48,test
Preprocessed_Data/72 hr/pH8 Hydrolytic/cropped_72hr_pH8_W1.JPG,8,1,72,test
Preprocessed_Data/95 hr/pH8 Hydrolytic/cropped_95hr_pH8_W1.JPG,8,1,95,test
Preprocessed_Data/120 hr/pH8 Hydrolytic/cropped_120hr_pH8_W1.JPG,8,1,120,test
Preprocessed_Data/168 hr/pH8 Hydrolytic/cropped_168hr_pH8_W1.JPG,8,1,168,test
Preprocessed_Data/192 hr/pH8 Hydrolytic/cropped_192hr_pH8_W1.JPG,8,1,192,test
Preprocessed_Data/216 hr/pH8 Hydrolytic/cropped_216hr_pH8_W1.JPG,8,1,216,test
Preprocessed_Data/264 hr/pH8 Hydrolytic/cropped_264hr_pH8_W1.JPG,8,1,264,test
Preprocessed_Data/0 hr/pH8 Hydrolytic/cropped_0hr_pH8_W7.JPG,8,7,0,test
Preprocessed_Data/24 hr/pH8 Hydrolytic/cropped_24hr_pH8_W7.JPG,8,7,24,test
Preprocessed_Data/30 hr/pH8 Hydrolytic/cropped_30hr_pH8_W7.JPG,8,7,30,test
Preprocessed_Data/48 hr/pH8 Hydrolytic/cropped_48hr_pH8_W7.JPG,8,7,48,test
Preprocessed_Data/72 hr/pH8 Hydrolytic/cropped_72hr_pH8_W7.JPG,8,7,72,test
Preprocessed_Data/95 hr/pH8 Hydrolytic/cropped_95hr_pH8_W7.JPG,8,7,95,test
Preprocessed_Data/120 hr/pH8 Hydrolytic/cropped_120hr_pH8_W7.JPG,8,7,120,test
Preprocessed_Data/168 hr/pH8 Hydrolytic/cropped_168hr_pH8_W7.JPG,8,7,168,test
Preprocessed_Data/192 hr/pH8 Hydrolytic/cropped_192hr_pH8_W7.JPG,8,7,192,test
Preprocessed_Data/216 hr/pH8 Hydrolytic/cropped_216hr_pH8_W7.JPG,8,7,216,test
Preprocessed_Data/264 hr/pH8 Hydrolytic/cropped_264hr_pH8_W7.JPG,8,7,264,test
Preprocessed_Data/0 hr/pH8 Hydrolytic/cropped_0hr_pH8_W11.JPG,8,11,0,test
Preprocessed_Data/24 hr/pH8 Hydrolytic/cropped_24hr_pH8_W11.JPG,8,11,24,test
Preprocessed_Data/30 hr/pH8 Hydrolytic/cropped_30hr_pH8_W11.JPG,8,11,30,test
Preprocessed_Data/48 hr/pH8 Hydrolytic/cropped_48hr_pH8_W11.JPG,8,11,48,test
Preprocessed_Data/72 hr/pH8 Hydrolytic/cropped_72hr_pH8_W11.JPG,8,11,72,test
Preprocessed_Data/95 hr/pH8 Hydrolytic/cropped_95hr_pH8_W11.JPG,8,11,95,test
Preprocessed_Data/120 hr/pH8 Hydrolytic/cropped_120hr_pH8_W11.JPG,8,11,120,test
Preprocessed_Data/168 hr/pH8 Hydrolytic/cropped_168hr_pH8_W11.JPG,8,11,168,test
Preprocessed_Data/192 hr/pH8 Hydrolytic/cropped_192hr_pH8_W11.JPG,8,11,192,test
Preprocessed_Data/216 hr/pH8 Hydrolytic/cropped_216hr_pH8_W11.JPG,8,11,216,test
Preprocessed_Data/264 hr/pH8 Hydrolytic/cropped_264hr_pH8_W11.JPG,8,11,264,test
Preprocessed_Data/0 hr/pH8 Hydrolytic/cropped_0hr_pH8_W12.JPG,8,12,0,test
Preprocessed_Data/24 hr/pH8 Hydrolytic/cropped_24hr_pH8_W12.JPG,8,12,24,test
Preprocessed_Data/30 hr/pH8 Hydrolytic/cropped_30hr_pH8_W12.JPG,8,12,30,test
Preprocessed_Data/48 hr/pH8 Hydrolytic/cropped_48hr_pH8_W12.JPG,8,12,48,test
Preprocessed_Data/72 hr/pH8 Hydrolytic/cropped_72hr_pH8_W12.JPG,8,12,72,test
Preprocessed_Data/95 hr/pH8 Hydrolytic/cropped_95hr_pH8_W12.JPG,8,12,95,test
Preprocessed_Data/120 hr/pH8 Hydrolytic/cropped_120hr_pH8_W12.JPG,8,12,120,test
Preprocessed_Data/168 hr/pH8 Hydrolytic/cropped_168hr_pH8_W12.JPG,8,12,168,test
Preprocessed_Data/192 hr/pH8 Hydrolytic/cropped_192hr_pH8_W12.JPG,8,12,192,test
Preprocessed_Data/216 hr/pH8 Hydrolytic/cropped_216hr_pH8_W12.JPG,8,12,216,test
Preprocessed_Data/264 hr/pH8 Hydrolytic/cropped_264hr_pH8_W12.JPG,8,12,264,test
Preprocessed_Data/0 hr/pH8 Hydrolytic/cropped_0hr_pH8_W17.JPG,8,17,0,test
Preprocessed_Data/24 hr/pH8 Hydrolytic/cropped_24hr_pH8_W17.JPG,8,17,24,test
Preprocessed_Data/30 hr/pH8 Hydrolytic/cropped_30hr_pH8_W17.JPG,8,17,30,test
Preprocessed_Data/48 hr/pH8 Hydrolytic/cropped_48hr_pH8_W17.JPG,8,17,48,test
Preprocessed_Data/72 hr/pH8 Hydrolytic/cropped_72hr_pH8_W17.JPG,8,17,72,test
Preprocessed_Data/95 hr/pH8 Hydrolytic/cropped_95hr_pH8_W17.JPG,8,17,95,test
Preprocessed_Data/120 hr/pH8 Hydrolytic/cropped_120hr_pH8_W17.JPG,8,17,120,test
Preprocessed_Data/168 hr/pH8 Hydrolytic/cropped_168hr_pH8_W17.JPG,8,17,168,test
Preprocessed_Data/192 hr/pH8 Hydrolytic/cropped_192hr_pH8_W17.JPG,8,17,192,test
Preprocessed_Data/216 hr/pH8 Hydrolytic/cropped_216hr_pH8_W17.JPG,8,17,216,test
Preprocessed_Data/264 hr/pH8 Hydrolytic/cropped_264hr_pH8_W17.JPG,8,17,264,test
Preprocessed_Data/0 hr/pH8 Hydrolytic/cropped_0hr_pH8_W20.JPG,8,20,0,test
Preprocessed_Data/24 hr/pH8 Hydrolytic/cropped_24hr_pH8_W20.JPG,8,20,24,test
Preprocessed_Data/30 hr/pH8 Hydrolytic/cropped_30hr_pH8_W20.JPG,8,20,30,test
Preprocessed_Data/48 hr/pH8 Hydrolytic/cropped_48hr_pH8_W20.JPG,8,20,48,test
Preprocessed_Data/72 hr/pH8 Hydrolytic/cropped_72hr_pH8_W20.JPG,8,20,72,test
Preprocessed_Data/95 hr/pH8 Hydrolytic/cropped_95hr_pH8_W20.JPG,8,20,95,test
Preprocessed_Data/120 hr/pH8 Hydrolytic/cropped_120hr_pH8_W20.JPG,8,20,120,test
Preprocessed_Data/168 hr/pH8 Hydrolytic/cropped_168hr_pH8_W20.JPG,8,20,168,test
Preprocessed_Data/192 hr/pH8 Hydrolytic/cropped_192hr_pH8_W20.JPG,8,20,192,test
Preprocessed_Data/216 hr/pH8 Hydrolytic/cropped_216hr_pH8_W20.JPG,8,20,216,test
Preprocessed_Data/264 hr/pH8 Hydrolytic/cropped_264hr_pH8_W20.JPG,8,20,264,test
Preprocessed_Data/0 hr/pH8 Hydrolytic/cropped_0hr_pH8_W30.JPG,8,30,0,test
Preprocessed_Data/24 hr/pH8 Hydrolytic/cropped_24hr_pH8_W30.JPG,8,30,24,test
Preprocessed_Data/30 hr/pH8 Hydrolytic/cropped_30hr_pH8_W30.JPG,8,30,30,test
Preprocessed_Data/48 hr/pH8 Hydrolytic/cropped_48hr_pH8_W30.JPG,8,30,48,test
Preprocessed_Data/72 hr/pH8 Hydrolytic/cropped_72hr_pH8_W30.JPG,8,30,72,test
Preprocessed_Data/95 hr/pH8 Hydrolytic/cropped_95hr_pH8_W30.JPG,8,30,95,test
Preprocessed_Data/120 hr/pH8 Hydrolytic/cropped_120hr_pH8_W30.JPG,8,30,120,test
Preprocessed_Data/168 hr/pH8 Hydrolytic/cropped_168hr_pH8_W30.JPG,8,30,168,test
Preprocessed_Data/192 hr/pH8 Hydrolytic/cropped_192hr_pH8_W30.JPG,8,30,192,test
Preprocessed_Data/216 hr/pH8 Hydrolytic/cropped_216hr_pH8_W30.JPG,8,30,216,test
Preprocessed_Data/264 hr/pH8 Hydrolytic/cropped_264hr_pH8_W30.JPG,8,30,264,test
Preprocessed_Data/0 hr/pH8 Hydrolytic/cropped_0hr_pH8_W33.JPG,8,33,0,test
Preprocessed_Data/24 hr/pH8 Hydrolytic/cropped_24hr_pH8_W33.JPG,8,33,24,test
Preprocessed_Data/30 hr/pH8 Hydrolytic/cropped_30hr_pH8_W33.JPG,8,33,30,test
Preprocessed_Data/48 hr/pH8 Hydrolytic/cropped_48hr_pH8_W33.JPG,8,33,48,test
Preprocessed_Data/72 hr/pH8 Hydrolytic/cropped_72hr_pH8_W33.JPG,8,33,72,test
Preprocessed_Data/95 hr/pH8 Hydrolytic/cropped_95hr_pH8_W33.JPG,8,33,95,test
Preprocessed_Data/120 hr/pH8 Hydrolytic/cropped_120hr_pH8_W33.JPG,8,33,120,test
Preprocessed_Data/168 hr/pH8 Hydrolytic/cropped_168hr_pH8_W33.JPG,8,33,168,test
Preprocessed_Data/192 hr/pH8 Hydrolytic/cropped_192hr_pH8_W33.JPG,8,33,192,test
Preprocessed_Data/216 hr/pH8 Hydrolytic/cropped_216hr_pH8_W33.JPG,8,33,216,test
Preprocessed_Data/264 hr/pH8 Hydrolytic/cropped_264hr_pH8_W33.JPG,8,33,264,test
Preprocessed_Data/0 hr/pH8 Hydrolytic/cropped_0hr_pH8_W44.JPG,8,44,0,test
Preprocessed_Data/24 hr/pH8 Hydrolytic/cropped_24hr_pH8_W44.JPG,8,44,24,test
Preprocessed_Data/30 hr/pH8 Hydrolytic/cropped_30hr_pH8_W44.JPG,8,44,30,test
Preprocessed_Data/48 hr/pH8 Hydrolytic/cropped_48hr_pH8_W44.JPG,8,44,48,test
Preprocessed_Data/72 hr/pH8 Hydrolytic/cropped_72hr_pH8_W44.JPG,8,44,72,test
Preprocessed_Data/95 hr/pH8 Hydrolytic/cropped_95hr_pH8_W44.JPG,8,44,95,test
Preprocessed_Data/120 hr/pH8 Hydrolytic/cropped_120hr_pH8_W44.JPG,8,44,120,test
Preprocessed_Data/168 hr/pH8 Hydrolytic/cropped_168hr_pH8_W44.JPG,8,44,168,test
Preprocessed_Data/192 hr/pH8 Hydrolytic/cropped_192hr_pH8_W44.JPG,8,44,192,test
Preprocessed_Data/216 hr/pH8 Hydrolytic/cropped_216hr_pH8_W44.JPG,8,44,216,test
Preprocessed_Data/264 hr/pH8 Hydrolytic/cropped_264hr_pH8_W44.JPG,8,44,264,test
Preprocessed_Data/0 hr/pH5 Hydrolytic/cropped_0hr_pH5_W1.JPG,5,1,0,train
Preprocessed_Data/24 hr/pH5 Hydrolytic/cropped_24hr_pH5_W1.JPG,5,1,24,train
Preprocessed_Data/30 hr/pH5 Hydrolytic/cropped_30hr_pH5_W1.JPG,5,1,30,train
Preprocessed_Data/48 hr/pH5 Hydrolytic/cropped_48hr_pH5_W1.JPG,5,1,48,train
Preprocessed_Data/72 hr/pH5 Hydrolytic/cropped_72hr_pH5_W1.JPG,5,1,72,train
Preprocessed_Data/95 hr/pH5 Hydrolytic/cropped_95hr_pH5_W1.JPG,5,1,95,train
Preprocessed_Data/120 hr/pH5 Hydrolytic/cropped_120hr_pH5_W1.JPG,5,1,120,train
Preprocessed_Data/168 hr/pH5 Hydrolytic/cropped_168hr_pH5_W1.JPG,5,1,168,train
Preprocessed_Data/192 hr/pH5 Hydrolytic/cropped_192hr_pH5_W1.JPG,5,1,192,train
Preprocessed_Data/216 hr/pH5 Hydrolytic/cropped_216hr_pH5_W1.JPG,5,1,216,train
Preprocessed_Data/264 hr/pH5 Hydrolytic/cropped_264hr_pH5_W1.JPG,5,1,264,train
Preprocessed_Data/0 hr/pH5 Hydrolytic/cropped_0hr_pH5_W4.JPG,5,4,0,train
Preprocessed_Data/24 hr/pH5 Hydrolytic/cropped_24hr_pH5_W4.JPG,5,4,24,train
Preprocessed_Data/30 hr/pH5 Hydrolytic/cropped_30hr_pH5_W4.jpg,5,4,30,train
Preprocessed_Data/48 hr/pH5 Hydrolytic/cropped_48hr_pH5_W4.JPG,5,4,48,train
Preprocessed_Data/72 hr/pH5 Hydrolytic/cropped_72hr_pH5_W4.JPG,5,4,72,train
Preprocessed_Data/95 hr/pH5 Hydrolytic/cropped_95hr_pH5_W4.JPG,5,4,95,train
Preprocessed_Data/120 hr/pH5 Hydrolytic/cropped_120hr_pH5_W4.JPG,5,4,120,train
Preprocessed_Data/168 hr/pH5 Hydrolytic/cropped_168hr_pH5_W4.JPG,5,4,168,train
Preprocessed_Data/192 hr/pH5 Hydrolytic/cropped_192hr_pH5_W4.JPG,5,4,192,train
Preprocessed_Data/216 hr/pH5 Hydrolytic/cropped_216hr_pH5_W4.JPG,5,4,216,train
Preprocessed_Data/264 hr/pH5 Hydrolytic/cropped_264hr_pH5_W4.JPG,5,4,264,train
Preprocessed_Data/0 hr/pH5 Hydrolytic/cropped_0hr_pH5_W5.JPG,5,5,0,train
Preprocessed_Data/24 hr/pH5 Hydrolytic/cropped_24hr_pH5_W5.JPG,5,5,24,train
Preprocessed_Data/30 hr/pH5 Hydrolytic/cropped_30hr_pH5_W5.JPG,5,5,30,train
Preprocessed_Data/48 hr/pH5 Hydrolytic/cropped_48hr_pH5_W5.JPG,5,5,48,train
Preprocessed_Data/72 hr/pH5 Hydrolytic/cropped_72hr_pH5_W5.JPG,5,5,72,train
Preprocessed_Data/95 hr/pH5 Hydrolytic/cropped_95hr_pH5_W5.JPG,5,5,95,train
Preprocessed_Data/120 hr/pH5 Hydrolytic/cropped_120hr_pH5_W5.JPG,5,5,120,train
Preprocessed_Data/168 hr/pH5 Hydrolytic/cropped_168hr_pH5_W5.JPG,5,5,168,train
Preprocessed_Data/192 hr/pH5 Hydrolytic/cropped_192hr_pH5_W5.JPG,5,5,192,train
Preprocessed_Data/216 hr/pH5 Hydrolytic/cropped_216hr_pH5_W5.JPG,5,5,216,train
Preprocessed_Data/264 hr/pH5 Hydrolytic/cropped_264hr_pH5_W5.JPG,5,5,264,train
Preprocessed_Data/0 hr/pH5 Hydrolytic/cropped_0hr_pH5_W10.JPG,5,10,0,train
Preprocessed_Data/24 hr/pH5 Hydrolytic/cropped_24hr_pH5_W10.JPG,5,10,24,train
Preprocessed_Data/30 hr/pH5 Hydrolytic/cropped_30hr_pH5_W10.JPG,5,10,30,train
Preprocessed_Data/48 hr/pH5 Hydrolytic/cropped_48hr_pH5_W10.JPG,5,10,48,train
Preprocessed_Data/72 hr/pH5 Hydrolytic/cropped_72hr_pH5_W10.JPG,5,10,72,train
Preprocessed_Data/95 hr/pH5 Hydrolytic/cropped_95hr_pH5_W10.JPG,5,10,95,train
Preprocessed_Data/120 hr/pH5 Hydrolytic/cropped_120hr_pH5_W10.JPG,5,10,120,train
Preprocessed_Data/168 hr/pH5 Hydrolytic/cropped_168hr_pH5_W10.JPG,5,10,168,train
Preprocessed_Data/192 hr/pH5 Hydrolytic/cropped_192hr_pH5_W10.JPG,5,10,192,train
Preprocessed_Data/216 hr/pH5 Hydrolytic/cropped_216hr_pH5_W10.JPG,5,10,216,train
Preprocessed_Data/264 hr/pH5 Hydrolytic/cropped_264hr_pH5_W10.JPG,5,10,264,train
Preprocessed_Data/0 hr/pH5 Hydrolytic/cropped_0hr_pH5_W11.JPG,5,11,0,train
Preprocessed_Data/24 hr/pH5 Hydrolytic/cropped_24hr_pH5_W11.JPG,5,11,24,train
Preprocessed_Data/30 hr/pH5 Hydrolytic/cropped_30hr_pH5_W11.jpg,5,11,30,train
Preprocessed_Data/48 hr/pH5 Hydrolytic/cropped_48hr_pH5_W11.JPG,5,11,48,train
Preprocessed_Data/72 hr/pH5 Hydrolytic/cropped_72hr_pH5_W11.JPG,5,11,72,train
Preprocessed_Data/95 hr/pH5 Hydrolytic/cropped_95hr_pH5_W11.JPG,5,11,95,train
Preprocessed_Data/120 hr/pH5 Hydrolytic/cropped_120hr_pH5_W11.JPG,5,11,120,train
Preprocessed_Data/168 hr/pH5 Hydrolytic/cropped_168hr_pH5_W11.JPG,5,11,168,train
Preprocessed_Data/192 hr/pH5 Hydrolytic/cropped_192hr_pH5_W11.JPG,5,11,192,train
Preprocessed_Data/216 hr/pH5 Hydrolytic/cropped_216hr_pH5_W11.JPG,5,11,216,train
Preprocessed_Data/264 hr/pH5 Hydrolytic/cropped_264hr_pH5_W11.JPG,5,11,264,train
Preprocessed_Data/0 hr/pH5 Hydrolytic/cropped_0hr_pH5_W12.JPG,5,12,0,train
Preprocessed_Data/24 hr/pH5 Hydrolytic/cropped_24hr_pH5_W12.JPG,5,12,24,train
Preprocessed_Data/30 hr/pH5 Hydrolytic/cropped_30hr_pH5_W12.jpg,5,12,30,train
Preprocessed_Data/48 hr/pH5 Hydrolytic/cropped_48hr_pH5_W12.JPG,5,12,48,train
Preprocessed_Data/72 hr/pH5 Hydrolytic/cropped_72hr_pH5_W12.JPG,5,12,72,train
Preprocessed_Data/95 hr/pH5 Hydrolytic/cropped_95hr_pH5_W12.JPG,5,12,95,train
Preprocessed_Data/120 hr/pH5 Hydrolytic/cropped_120hr_pH5_W12.JPG,5,12,120,train
Preprocessed_Data/168 hr/pH5 Hydrolytic/cropped_168hr_pH5_W12.JPG,5,12,168,train
Preprocessed_Data/192 hr/pH5 Hydrolytic/cropped_192hr_pH5_W12.JPG,5,12,192,train
Preprocessed_Data/216 hr/pH5 Hydrolytic/cropped_216hr_pH5_W12.JPG,5,12,216,train
Preprocessed_Data/264 hr/pH5 Hydrolytic/cropped_264hr_pH5_W12.JPG,5,12,264,train
Preprocessed_Data/0 hr/pH5 Hydrolytic/cropped_0hr_pH5_W13.JPG,5,13,0,train
Preprocessed_Data/24 hr/pH5 Hydrolytic/cropped_24hr_pH5_W13.JPG,5,13,24,train
Preprocessed_Data/30 hr/pH5 Hydrolytic/cropped_30hr_pH5_W13.JPG,5,13,30,train
Preprocessed_Data/48 hr/pH5 Hydrolytic/cropped_48hr_pH5_W13.JPG,5,13,48,train
Preprocessed_Data/72 hr/pH5 Hydrolytic/cropped_72hr_pH5_W13.JPG,5,13,72,train
Preprocessed_Data/95 hr/pH5 Hydrolytic/cropped_95hr_pH5_W13.JPG,5,13,95,train
Preprocessed_Data/120 hr/pH5 Hydrolytic/cropped_120hr_pH5_W13.JPG,5,13,120,train
Preprocessed_Data/168 hr/pH5 Hydrolytic/cropped_168hr_pH5_W13.JPG,5,13,168,train
Preprocessed_Data/192 hr/pH5 Hydrolytic/cropped_192hr_pH5_W13.JPG,5,13,192,train
Preprocessed_Data/216 hr/pH5 Hydrolytic/cropped_216hr_pH5_W13.JPG,5,13,216,train
Preprocessed_Data/264 hr/pH5 Hydrolytic/cropped_264hr_pH5_W13.JPG,5,13,264,train
Preprocessed_Data/0 hr/pH5 Hydrolytic/cropped_0hr_pH5_W19.JPG,5,19,0,train
Preprocessed_Data/24 hr/pH5 Hydrolytic/cropped_24hr_pH5_W19.JPG,5,19,24,train
Preprocessed_Data/30 hr/pH5 Hydrolytic/cropped_30hr_pH5_W19.JPG,5,19,30,train
Preprocessed_Data/48 hr/pH5 Hydrolytic/cropped_48hr_pH5_W19.JPG,5,19,48,train
Preprocessed_Data/72 hr/pH5 Hydrolytic/cropped_72hr_pH5_W19.JPG,5,19,72,train
Preprocessed_Data/95 hr/pH5 Hydrolytic/cropped_95hr_pH5_W19.JPG,5,19,95,train
Preprocessed_Data/120 hr/pH5 Hydrolytic/cropped_120hr_pH5_W19.JPG,5,19,120,train
Preprocessed_Data/168 hr/pH5 Hydrolytic/cropped_168hr_pH5_W19.JPG,5,19,168,train
Preprocessed_Data/192 hr/pH5 Hydrolytic/cropped_192hr_pH5_W19.JPG,5,19,192,train
Preprocessed_Data/216 hr/pH5 Hydrolytic/cropped_216hr_pH5_W19.JPG,5,19,216,train
Preprocessed_Data/264 hr/pH5 Hydrolytic/cropped_264hr_pH5_W19.JPG,5,19,264,train
Preprocessed_Data/0 hr/pH5 Hydrolytic/cropped_0hr_pH5_W21.JPG,5,21,0,train
Preprocessed_Data/24 hr/pH5 Hydrolytic/cropped_24hr_pH5_W21.JPG,5,21,24,train
Preprocessed_Data/30 hr/pH5 Hydrolytic/cropped_30hr_pH5_W21.JPG,5,21,30,train
Preprocessed_Data/48 hr/pH5 Hydrolytic/cropped_48hr_pH5_W21.JPG,5,21,48,train
Preprocessed_Data/72 hr/pH5 Hydrolytic/cropped_72hr_pH5_W21.JPG,5,21,72,train
Preprocessed_Data/95 hr/pH5 Hydrolytic/cropped_95hr_pH5_W21.JPG,5,21,95,train
Preprocessed_Data/120 hr/pH5 Hydrolytic/cropped_120hr_pH5_W21.JPG,5,21,120,train
Preprocessed_Data/168 hr/pH5 Hydrolytic/cropped_168hr_pH5_W21.JPG,5,21,168,train
Preprocessed_Data/192 hr/pH5 Hydrolytic/cropped_192hr_pH5_W21.JPG,5,21,192,train
Preprocessed_Data/216 hr/pH5 Hydrolytic/cropped_216hr_pH5_W21.JPG,5,21,216,train
Preprocessed_Data/264 hr/pH5 Hydrolytic/cropped_264hr_pH5_W21.JPG,5,21,264,train
Preprocessed_Data/0 hr/pH5 Hydrolytic/cropped_0hr_pH5_W22.JPG,5,22,0,train
Preprocessed_Data/24 hr/pH5 Hydrolytic/cropped_24hr_pH5_W22.JPG,5,22,24,train
Preprocessed_Data/30 hr/pH5 Hydrolytic/cropped_30hr_pH5_W22.JPG,5,22,30,train
Preprocessed_Data/48 hr/pH5 Hydrolytic/cropped_48hr_pH5_W22.JPG,5,22,48,train
Preprocessed_Data/72 hr/pH5 Hydrolytic/cropped_72hr_pH5_W22.JPG,5,22,72,train
Preprocessed_Data/95 hr/pH5 Hydrolytic/cropped_95hr_pH5_W22.JPG,5,22,95,train
Preprocessed_Data/120 hr/pH5 Hydrolytic/cropped_120hr_pH5_W22.JPG,5,22,120,train
Preprocessed_Data/168 hr/pH5 Hydrolytic/cropped_168hr_pH5_W22.JPG,5,22,168,train
Preprocessed_Data/192 hr/pH5 Hydrolytic/cropped_192hr_pH5_W22.JPG,5,22,192,train
Preprocessed_Data/216 hr/pH5 Hydrolytic/cropped_216hr_pH5_W22.JPG,5,22,216,train
Preprocessed_Data/264 hr/pH5 Hydrolytic/cropped_264hr_pH5_W22.JPG,5,22,264,train
Preprocessed_Data/0 hr/pH5 Hydrolytic/cropped_0hr_pH5_W23.JPG,5,23,0,train
Preprocessed_Data/24 hr/pH5 Hydrolytic/cropped_24hr_pH5_W23.JPG,5,23,24,train
Preprocessed_Data/30 hr/pH5 Hydrolytic/cropped_30hr_pH5_W23.jpg,5,23,30,train
Preprocessed_Data/48 hr/pH5 Hydrolytic/cropped_48hr_pH5_W23.JPG,5,23,48,train
Preprocessed_Data/72 hr/pH5 Hydrolytic/cropped_72hr_pH5_W23.JPG,5,23,72,train
Preprocessed_Data/95 hr/pH5 Hydrolytic/cropped_95hr_pH5_W23.JPG,5,23,95,train
Preprocessed_Data/120 hr/pH5 Hydrolytic/cropped_120hr_pH5_W23.JPG,5,23,120,train
Preprocessed_Data/168 hr/pH5 Hydrolytic/cropped_168hr_pH5_W23.JPG,5,23,168,train
Preprocessed_Data/192 hr/pH5 Hydrolytic/cropped_192hr_pH5_W23.JPG,5,23,192,train
Preprocessed_Data/216 hr/pH5 Hydrolytic/cropped_216hr_pH5_W23.JPG,5,23,216,train
Preprocessed_Data/264 hr/pH5 Hydrolytic/cropped_264hr_pH5_W23.JPG,5,23,264,train
Preprocessed_Data/0 hr/pH5 Hydrolytic/cropped_0hr_pH5_W24.JPG,5,24,0,train
Preprocessed_Data/24 hr/pH5 Hydrolytic/cropped_24hr_pH5_W24.JPG,5,24,24,train
Preprocessed_Data/30 hr/pH5 Hydrolytic/cropped_30hr_pH5_W24.JPG,5,24,30,train
Preprocessed_Data/48 hr/pH5 Hydrolytic/cropped_48hr_pH5_W24.JPG,5,24,48,train
Preprocessed_Data/72 hr/pH5 Hydrolytic/cropped_72hr_pH5_W24.JPG,5,24,72,train
Preprocessed_Data/95 hr/pH5 Hydrolytic/cropped_95hr_pH5_W24.JPG,5,24,95,train
Preprocessed_Data/120 hr/pH5 Hydrolytic/cropped_120hr_pH5_W24.JPG,5,24,120,train
Preprocessed_Data/168 hr/pH5 Hydrolytic/cropped_168hr_pH5_W24.JPG,5,24,168,train
Preprocessed_Data/192 hr/pH5 Hydrolytic/cropped_192hr_pH5_W24.JPG,5,24,192,train
Preprocessed_Data/216 hr/pH5 Hydrolytic/cropped_216hr_pH5_W24.JPG,5,24,216,train
Preprocessed_Data/264 hr/pH5 Hydrolytic/cropped_264hr_pH5_W24.JPG,5,24,264,train
Preprocessed_Data/0 hr/pH5 Hydrolytic/cropped_0hr_pH5_W25.JPG,5,25,0,train
Preprocessed_Data/24 hr/pH5 Hydrolytic/cropped_24hr_pH5_W25.JPG,5,25,24,train
Preprocessed_Data/30 hr/pH5 Hydrolytic/cropped_30hr_pH5_W25.JPG,5,25,30,train
Preprocessed_Data/48 hr/pH5 Hydrolytic/cropped_48hr_pH5_W25.JPG,5,25,48,train
Preprocessed_Data/72 hr/pH5 Hydrolytic/cropped_72hr_pH5_W25.JPG,5,25,72,train
Preprocessed_Data/95 hr/pH5 Hydrolytic/cropped_95hr_pH5_W25.JPG,5,25,95,train
Preprocessed_Data/120 hr/pH5 Hydrolytic/cropped_120hr_pH5_W25.JPG,5,25,120,train
Preprocessed_Data/168 hr/pH5 Hydrolytic/cropped_168hr_pH5_W25.JPG,5,25,168,train
Preprocessed_Data/192 hr/pH5 Hydrolytic/cropped_192hr_pH5_W25.JPG,5,25,192,train
Preprocessed_Data/216 hr/pH5 Hydrolytic/cropped_216hr_pH5_W25.JPG,5,25,216,train
Preprocessed_Data/264 hr/pH5 Hydrolytic/cropped_264hr_pH5_W25.JPG,5,25,264,train
Preprocessed_Data/0 hr/pH5 Hydrolytic/cropped_0hr_pH5_W26.JPG,5,26,0,train
Preprocessed_Data/24 hr/pH5 Hydrolytic/cropped_24hr_pH5_W26.JPG,5,26,24,train
Preprocessed_Data/30 hr/pH5 Hydrolytic/cropped_30hr_pH5_W26.JPG,5,26,30,train
Preprocessed_Data/48 hr/pH5 Hydrolytic/cropped_48hr_pH5_W26.JPG,5,26,48,train
Preprocessed_Data/72 hr/pH5 Hydrolytic/cropped_72hr_pH5_W26.JPG,5,26,72,train
Preprocessed_Data/95 hr/pH5 Hydrolytic/cropped_95hr_pH5_W26.JPG,5,26,95,train
Preprocessed_Data/120 hr/pH5 Hydrolytic/cropped_120hr_pH5_W26.JPG,5,26,120,train
Preprocessed_Data/168 hr/pH5 Hydrolytic/cropped_168hr_pH5_W26.JPG,5,26,168,train
Preprocessed_Data/192 hr/pH5 Hydrolytic/cropped_192hr_pH5_W26.JPG,5,26,192,train
Preprocessed_Data/216 hr/pH5 Hydrolytic/cropped_216hr_pH5_W26.JPG,5,26,216,train
Preprocessed_Data/264 hr/pH5 Hydrolytic/cropped_264hr_pH5_W26.JPG,5,26,264,train
Preprocessed_Data/0 hr/pH5 Hydrolytic/cropped_0hr_pH5_W27.JPG,5,27,0,train
Preprocessed_Data/24 hr/pH5 Hydrolytic/cropped_24hr_pH5_W27.JPG,5,27,24,train
Preprocessed_Data/30 hr/pH5 Hydrolytic/cropped_30hr_pH5_W27.JPG,5,27,30,train
Preprocessed_Data/48 hr/pH5 Hydrolytic/cropped_48hr_pH5_W27.JPG,5,27,48,train
Preprocessed_Data/72 hr/pH5 Hydrolytic/cropped_72hr_pH5_W27.JPG,5,27,72,train
Preprocessed_Data/95 hr/pH5 Hydrolytic/cropped_95hr_pH5_W27.JPG,5,27,95,train
Preprocessed_Data/120 hr/pH5 Hydrolytic/cropped_120hr_pH5_W27.JPG,5,27,120,train
Preprocessed_Data/168 hr/pH5 Hydrolytic/cropped_168hr_pH5_W27.JPG,5,27,168,train
Preprocessed_Data/192 hr/pH5 Hydrolytic/cropped_192hr_pH5_W27.JPG,5,27,192,train
Preprocessed_Data/216 hr/pH5 Hydrolytic/cropped_216hr_pH5_W27.JPG,5,27,216,train
Preprocessed_Data/264 hr/pH5 Hydrolytic/cropped_264hr_pH5_W27.JPG,5,27,264,train
Preprocessed_Data/0 hr/pH5 Hydrolytic/cropped_0hr_pH5_W29.JPG,5,29,0,train
Preprocessed_Data/24 hr/pH5 Hydrolytic/cropped_24hr_pH5_W29.JPG,5,29,24,train
Preprocessed_Data/30 hr/pH5 Hydrolytic/cropped_30hr_pH5_W29.JPG,5,29,30,train
Preprocessed_Data/48 hr/pH5 Hydrolytic/cropped_48hr_pH5_W29.JPG,5,29,48,train
Preprocessed_Data/72 hr/pH5 Hydrolytic/cropped_72hr_pH5_W29.JPG,5,29,72,train
Preprocessed_Data/95 hr/pH5 Hydrolytic/cropped_95hr_pH5_W29.JPG,5,29,95,train
Preprocessed_Data/120 hr/pH5 Hydrolytic/cropped_120hr_pH5_W29.JPG,5,29,120,train
Preprocessed_Data/168 hr/pH5 Hydrolytic/cropped_168hr_pH5_W29.JPG,5,29,168,train
Preprocessed_Data/192 hr/pH5 Hydrolytic/cropped_192hr_pH5_W29.JPG,5,29,192,train
Preprocessed_Data/216 hr/pH5 Hydrolytic/cropped_216hr_pH5_W29.JPG,5,29,216,train
Preprocessed_Data/264 hr/pH5 Hydrolytic/cropped_264hr_pH5_W29.JPG,5,29,264,train
Preprocessed_Data/0 hr/pH5 Hydrolytic/cropped_0hr_pH5_W30.JPG,5,30,0,train
Preprocessed_Data/24 hr/pH5 Hydrolytic/cropped_24hr_pH5_W30.JPG,5,30,24,train
Preprocessed_Data/30 hr/pH5 Hydrolytic/cropped_30hr_pH5_W30.JPG,5,30,30,train
Preprocessed_Data/48 hr/pH5 Hydrolytic/cropped_48hr_pH5_W30.JPG,5,30,48,train
Preprocessed_Data/72 hr/pH5 Hydrolytic/cropped_72hr_pH5_W30.JPG,5,30,72,train
Preprocessed_Data/95 hr/pH5 Hydrolytic/cropped_95hr_pH5_W30.JPG,5,30,95,train
Preprocessed_Data/120 hr/pH5 Hydrolytic/cropped_120hr_pH5_W30.JPG,5,30,120,train
Preprocessed_Data/168 hr/pH5 Hydrolytic/cropped_168hr_pH5_W30.JPG,5,30,168,train
Preprocessed_Data/192 hr/pH5 Hydrolytic/cropped_192hr_pH5_W30.JPG,5,30,192,train
Preprocessed_Data/216 hr/pH5 Hydrolytic/cropped_216hr_pH5_W30.JPG,5,30,216,train
Preprocessed_Data/264 hr/pH5 Hydrolytic/cropped_264hr_pH5_W30.JPG,5,30,264,train
Preprocessed_Data/0 hr/pH5 Hydrolytic/cropped_0hr_pH5_W31.JPG,5,31,0,train
Preprocessed_Data/24 hr/pH5 Hydrolytic/cropped_24hr_pH5_W31.JPG,5,31,24,train
Preprocessed_Data/30 hr/pH5 Hydrolytic/cropped_30hr_pH5_W31.JPG,5,31,30,train
Preprocessed_Data/48 hr/pH5 Hydrolytic/cropped_48hr_pH5_W31.JPG,5,31,48,train
Preprocessed_Data/72 hr/pH5 Hydrolytic/cropped_72hr_pH5_W31.JPG,5,31,72,train
Preprocessed_Data/95 hr/pH5 Hydrolytic/cropped_95hr_pH5_W31.JPG,5,31,95,train
Preprocessed_Data/120 hr/pH5 Hydrolytic/cropped_120hr_pH5_W31.JPG,5,31,120,train
Preprocessed_Data/168 hr/pH5 Hydrolytic/cropped_168hr_pH5_W31.JPG,5,31,168,train
Preprocessed_Data/192 hr/pH5 Hydrolytic/cropped_192hr_pH5_W31.JPG,5,31,192,train
Preprocessed_Data/216 hr/pH5 Hydrolytic/cropped_216hr_pH5_W31.JPG,5,31,216,train
Preprocessed_Data/264 hr/pH5 Hydrolytic/cropped_264hr_pH5_W31.JPG,5,31,264,train
Preprocessed_Data/0 hr/pH5 Hydrolytic/cropped_0hr_pH5_W32.JPG,5,32,0,train
Preprocessed_Data/24 hr/pH5 Hydrolytic/cropped_24hr_pH5_W32.JPG,5,32,24,train
Preprocessed_Data/30 hr/pH5 Hydrolytic/cropped_30hr_pH5_W32.JPG,5,32,30,train
Preprocessed_Data/48 hr/pH5 Hydrolytic/cropped_48hr_pH5_W32.JPG,5,32,48,train
Preprocessed_Data/72 hr/pH5 Hydrolytic/cropped_72hr_pH5_W32.JPG,5,32,72,train
Preprocessed_Data/95 hr/pH5 Hydrolytic/cropped_95hr_pH5_W32.JPG,5,32,95,train
Preprocessed_Data/120 hr/pH5 Hydrolytic/cropped_120hr_pH5_W32.JPG,5,32,120,train
Preprocessed_Data/168 hr/pH5 Hydrolytic/cropped_168hr_pH5_W32.JPG,5,32,168,train
Preprocessed_Data/192 hr/pH5 Hydrolytic/cropped_192hr_pH5_W32.JPG,5,32,192,train
Preprocessed_Data/216 hr/pH5 Hydrolytic/cropped_216hr_pH5_W32.JPG,5,32,216,train
Preprocessed_Data/264 hr/pH5 Hydrolytic/cropped_264hr_pH5_W32.JPG,5,32,264,train
Preprocessed_Data/0 hr/pH5 Hydrolytic/cropped_0hr_pH5_W33.JPG,5,33,0,train
Preprocessed_Data/24 hr/pH5 Hydrolytic/cropped_24hr_pH5_W33.JPG,5,33,24,train
Preprocessed_Data/30 hr/pH5 Hydrolytic/cropped_30hr_pH5_W33.jpg,5,33,30,train
Preprocessed_Data/48 hr/pH5 Hydrolytic/cropped_48hr_pH5_W33.JPG,5,33,48,train
Preprocessed_Data/72 hr/pH5 Hydrolytic/cropped_72hr_pH5_W33.JPG,5,33,72,train
Preprocessed_Data/95 hr/pH5 Hydrolytic/cropped_95hr_pH5_W33.JPG,5,33,95,train
Preprocessed_Data/120 hr/pH5 Hydrolytic/cropped_120hr_pH5_W33.JPG,5,33,120,train
Preprocessed_Data/168 hr/pH5 Hydrolytic/cropped_168hr_pH5_W33.JPG,5,33,168,train
Preprocessed_Data/192 hr/pH5 Hydrolytic/cropped_192hr_pH5_W33.JPG,5,33,192,train
Preprocessed_Data/216 hr/pH5 Hydrolytic/cropped_216hr_pH5_W33.JPG,5,33,216,train
Preprocessed_Data/264 hr/pH5 Hydrolytic/cropped_264hr_pH5_W33.JPG,5,33,264,train
Preprocessed_Data/0 hr/pH5 Hydrolytic/cropped_0hr_pH5_W34.JPG,5,34,0,train
Preprocessed_Data/24 hr/pH5 Hydrolytic/cropped_24hr_pH5_W34.JPG,5,34,24,train
Preprocessed_Data/30 hr/pH5 Hydrolytic/cropped_30hr_pH5_W34.JPG,5,34,30,train
Preprocessed_Data/48 hr/pH5 Hydrolytic/cropped_48hr_pH5_W34.JPG,5,34,48,train
Preprocessed_Data/72 hr/pH5 Hydrolytic/cropped_72hr_pH5_W34.JPG,5,34,72,train
Preprocessed_Data/95 hr/pH5 Hydrolytic/cropped_95hr_pH5_W34.JPG,5,34,95,train
Preprocessed_Data/120 hr/pH5 Hydrolytic/cropped_120hr_pH5_W34.JPG,5,34,120,train
Preprocessed_Data/168 hr/pH5 Hydrolytic/cropped_168hr_pH5_W34.JPG,5,34,168,train
Preprocessed_Data/192 hr/pH5 Hydrolytic/cropped_192hr_pH5_W34.JPG,5,34,192,train
Preprocessed_Data/216 hr/pH5 Hydrolytic/cropped_216hr_pH5_W34.JPG,5,34,216,train
Preprocessed_Data/264 hr/pH5 Hydrolytic/cropped_264hr_pH5_W34.JPG,5,34,264,train
Preprocessed_Data/0 hr/pH5 Hydrolytic/cropped_0hr_pH5_W36.JPG,5,36,0,train
Preprocessed_Data/24 hr/pH5 Hydrolytic/cropped_24hr_pH5_W36.JPG,5,36,24,train
Preprocessed_Data/30 hr/pH5 Hydrolytic/cropped_30hr_pH5_W36.JPG,5,36,30,train
Preprocessed_Data/48 hr/pH5 Hydrolytic/cropped_48hr_pH5_W36.JPG,5,36,48,train
Preprocessed_Data/72 hr/pH5 Hydrolytic/cropped_72hr_pH5_W36.JPG,5,36,72,train
Preprocessed_Data/95 hr/pH5 Hydrolytic/cropped_95hr_pH5_W36.JPG,5,36,95,train
Preprocessed_Data/120 hr/pH5 Hydrolytic/cropped_120hr_pH5_W36.JPG,5,36,120,train
Preprocessed_Data/168 hr/pH5 Hydrolytic/cropped_168hr_pH5_W36.JPG,5,36,168,train
Preprocessed_Data/192 hr/pH5 Hydrolytic/cropped_192hr_pH5_W36.JPG,5,36,192,train
Preprocessed_Data/216 hr/pH5 Hydrolytic/cropped_216hr_pH5_W36.JPG,5,36,216,train
Preprocessed_Data/264 hr/pH5 Hydrolytic/cropped_264hr_pH5_W36.JPG,5,36,264,train
Preprocessed_Data/0 hr/pH5 Hydrolytic/cropped_0hr_pH5_W37.JPG,5,37,0,train
Preprocessed_Data/24 hr/pH5 Hydrolytic/cropped_24hr_pH5_W37.JPG,5,37,24,train
Preprocessed_Data/30 hr/pH5 Hydrolytic/cropped_30hr_pH5_W37.JPG,5,37,30,train
Preprocessed_Data/48 hr/pH5 Hydrolytic/cropped_48hr_pH5_W37.JPG,5,37,48,train
Preprocessed_Data/72 hr/pH5 Hydrolytic/cropped_72hr_pH5_W37.JPG,5,37,72,train
Preprocessed_Data/95 hr/pH5 Hydrolytic/cropped_95hr_pH5_W37.JPG,5,37,95,train
Preprocessed_Data/120 hr/pH5 Hydrolytic/cropped_120hr_pH5_W37.JPG,5,37,120,train
Preprocessed_Data/168 hr/pH5 Hydrolytic/cropped_168hr_pH5_W37.JPG,5,37,168,train
Preprocessed_Data/192 hr/pH5 Hydrolytic/cropped_192hr_pH5_W37.JPG,5,37,192,train
Preprocessed_Data/216 hr/pH5 Hydrolytic/cropped_216hr_pH5_W37.JPG,5,37,216,train
Preprocessed_Data/264 hr/pH5 Hydrolytic/cropped_264hr_pH5_W37.JPG,5,37,264,train
Preprocessed_Data/0 hr/pH5 Hydrolytic/cropped_0hr_pH5_W40.JPG,5,40,0,train
Preprocessed_Data/24 hr/pH5 Hydrolytic/cropped_24hr_pH5_W40.JPG,5,40,24,train
Preprocessed_Data/30 hr/pH5 Hydrolytic/cropped_30hr_pH5_W40.JPG,5,40,30,train
Preprocessed_Data/48 hr/pH5 Hydrolytic/cropped_48hr_pH5_W40.JPG,5,40,48,train
Preprocessed_Data/72 hr/pH5 Hydrolytic/cropped_72hr_pH5_W40.JPG,5,40,72,train
Preprocessed_Data/95 hr/pH5 Hydrolytic/cropped_95hr_pH5_W40.JPG,5,40,95,train
Preprocessed_Data/120 hr/pH5 Hydrolytic/cropped_120hr_pH5_W40.JPG,5,40,120,train
Preprocessed_Data/168 hr/pH5 Hydrolytic/cropped_168hr_pH5_W40.JPG,5,40,168,train
Preprocessed_Data/192 hr/pH5 Hydrolytic/cropped_192hr_pH5_W40.JPG,5,40,192,train
Preprocessed_Data/216 hr/pH5 Hydrolytic/cropped_216hr_pH5_W40.JPG,5,40,216,train
Preprocessed_Data/264 hr/pH5 Hydrolytic/cropped_264hr_pH5_W40.JPG,5,40,264,train
Preprocessed_Data/0 hr/pH5 Hydrolytic/cropped_0hr_pH5_W42.JPG,5,42,0,train
Preprocessed_Data/24 hr/pH5 Hydrolytic/cropped_24hr_pH5_W42.JPG,5,42,24,train
Preprocessed_Data/30 hr/pH5 Hydrolytic/cropped_30hr_pH5_W42.JPG,5,42,30,train
Preprocessed_Data/48 hr/pH5 Hydrolytic/cropped_48hr_pH5_W42.JPG,5,42,48,train
Preprocessed_Data/72 hr/pH5 Hydrolytic/cropped_72hr_pH5_W42.JPG,5,42,72,train
Preprocessed_Data/95 hr/pH5 Hydrolytic/cropped_95hr_pH5_W42.JPG,5,42,95,train
Preprocessed_Data/168 hr/pH5 Hydrolytic/cropped_168hr_pH5_W42.JPG,5,42,168,train
Preprocessed_Data/192 hr/pH5 Hydrolytic/cropped_192hr_pH5_W42.JPG,5,42,192,train
Preprocessed_Data/216 hr/pH5 Hydrolytic/cropped_216hr_pH5_W42.JPG,5,42,216,train
Preprocessed_Data/264 hr/pH5 Hydrolytic/cropped_264hr_pH5_W42.JPG,5,42,264,train
Preprocessed_Data/0 hr/pH5 Hydrolytic/cropped_0hr_pH5_W44.JPG,5,44,0,train
Preprocessed_Data/24 hr/pH5 Hydrolytic/cropped_24hr_pH5_W44.JPG,5,44,24,train
Preprocessed_Data/30 hr/pH5 Hydrolytic/cropped_30hr_pH5_W44.JPG,5,44,30,train
Preprocessed_Data/48 hr/pH5 Hydrolytic/cropped_48hr_pH5_W44.JPG,5,44,48,train
Preprocessed_Data/72 hr/pH5 Hydrolytic/cropped_72hr_pH5_W44.JPG,5,44,72,train
Preprocessed_Data/95 hr/pH5 Hydrolytic/cropped_95hr_pH5_W44.JPG,5,44,95,train
Preprocessed_Data/120 hr/pH5 Hydrolytic/cropped_120hr_pH5_W44.JPG,5,44,120,train
Preprocessed_Data/168 hr/pH5 Hydrolytic/cropped_168hr_pH5_W44.JPG,5,44,168,train
Preprocessed_Data/192 hr/pH5 Hydrolytic/cropped_192hr_pH5_W44.JPG,5,44,192,train
Preprocessed_Data/216 hr/pH5 Hydrolytic/cropped_216hr_pH5_W44.JPG,5,44,216,train
Preprocessed_Data/264 hr/pH5 Hydrolytic/cropped_264hr_pH5_W44.JPG,5,44,264,train
Preprocessed_Data/0 hr/pH5 Hydrolytic/cropped_0hr_pH5_W45.JPG,5,45,0,train
Preprocessed_Data/24 hr/pH5 Hydrolytic/cropped_24hr_pH5_W45.JPG,5,45,24,train
Preprocessed_Data/30 hr/pH5 Hydrolytic/cropped_30hr_pH5_W45.JPG,5,45,30,train
Preprocessed_Data/48 hr/pH5 Hydrolytic/cropped_48hr_pH5_W45.JPG,5,45,48,train
Preprocessed_Data/72 hr/pH5 Hydrolytic/cropped_72hr_pH5_W45.JPG,5,45,72,train
Preprocessed_Data/95 hr/pH5 Hydrolytic/cropped_95hr_pH5_W45.JPG,5,45,95,train
Preprocessed_Data/120 hr/pH5 Hydrolytic/cropped_120hr_pH5_W45.JPG,5,45,120,train
Preprocessed_Data/168 hr/pH5 Hydrolytic/cropped_168hr_pH5_W45.JPG,5,45,168,train
Preprocessed_Data/192 hr/pH5 Hydrolytic/cropped_192hr_pH5_W45.JPG,5,45,192,train
Preprocessed_Data/216 hr/pH5 Hydrolytic/cropped_216hr_pH5_W45.JPG,5,45,216,train
Preprocessed_Data/264 hr/pH5 Hydrolytic/cropped_264hr_pH5_W45.JPG,5,45,264,train
Preprocessed_Data/0 hr/pH5 Hydrolytic/cropped_0hr_pH5_W47.JPG,5,47,0,train
Preprocessed_Data/24 hr/pH5 Hydrolytic/cropped_24hr_pH5_W47.JPG,5,47,24,train
Preprocessed_Data/30 hr/pH5 Hydrolytic/cropped_30hr_pH5_W47.JPG,5,47,30,train
Preprocessed_Data/48 hr/pH5 Hydrolytic/cropped_48hr_pH5_W47.JPG,5,47,48,train
Preprocessed_Data/72 hr/pH5 Hydrolytic/cropped_72hr_pH5_W47.JPG,5,47,72,train
Preprocessed_Data/95 hr/pH5 Hydrolytic/cropped_95hr_pH5_W47.JPG,5,47,95,train
Preprocessed_Data/120 hr/pH5 Hydrolytic/cropped_120hr_pH5_W47.JPG,5,47,120,train
Preprocessed_Data/168 hr/pH5 Hydrolytic/cropped_168hr_pH5_W47.JPG,5,47,168,train
Preprocessed_Data/192 hr/pH5 Hydrolytic/cropped_192hr_pH5_W47.JPG,5,47,192,train
Preprocessed_Data/216 hr/pH5 Hydrolytic/cropped_216hr_pH5_W47.JPG,5,47,216,train
Preprocessed_Data/264 hr/pH5 Hydrolytic/cropped_264hr_pH5_W47.JPG,5,47,264,train
Preprocessed_Data/0 hr/pH5 Hydrolytic/cropped_0hr_pH5_W48.JPG,5,48,0,train
Preprocessed_Data/24 hr/pH5 Hydrolytic/cropped_24hr_pH5_W48.JPG,5,48,24,train
Preprocessed_Data/30 hr/pH5 Hydrolytic/cropped_30hr_pH5_W48.JPG,5,48,30,train
Preprocessed_Data/48 hr/pH5 Hydrolytic/cropped_48hr_pH5_W48.JPG,5,48,48,train
Preprocessed_Data/72 hr/pH5 Hydrolytic/cropped_72hr_pH5_W48.JPG,5,48,72,train
Preprocessed_Data/95 hr/pH5 Hydrolytic/cropped_95hr_pH5_W48.JPG,5,48,95,train
Preprocessed_Data/120 hr/pH5 Hydrolytic/cropped_120hr_pH5_W48.JPG,5,48,120,train
Preprocessed_Data/168 hr/pH5 Hydrolytic/cropped_168hr_pH5_W48.JPG,5,48,168,train
Preprocessed_Data/192 hr/pH5 Hydrolytic/cropped_192hr_pH5_W48.JPG,5,48,192,train
Preprocessed_Data/216 hr/pH5 Hydrolytic/cropped_216hr_pH5_W48.JPG,5,48,216,train
Preprocessed_Data/264 hr/pH5 Hydrolytic/cropped_264hr_pH5_W48.JPG,5,48,264,train
Preprocessed_Data/0 hr/pH6 Hydrolytic/cropped_0hr_pH6_W1.JPG,6,1,0,train
Preprocessed_Data/24 hr/pH6 Hydrolytic/cropped_24hr_pH6_W1.JPG,6,1,24,train
Preprocessed_Data/30 hr/pH6 Hydrolytic/cropped_30hr_pH6_W1.JPG,6,1,30,train
Preprocessed_Data/48 hr/pH6 Hydrolytic/cropped_48hr_pH6_W1.JPG,6,1,48,train
Preprocessed_Data/72 hr/pH6 Hydrolytic/cropped_72hr_pH6_W1.JPG,6,1,72,train
Preprocessed_Data/95 hr/pH6 Hydrolytic/cropped_95hr_pH6_W1.JPG,6,1,95,train
Preprocessed_Data/120 hr/pH6 Hydrolytic/cropped_120hr_pH6_W1.JPG,6,1,120,train
Preprocessed_Data/168 hr/pH6 Hydrolytic/cropped_168hr_pH6_W1.JPG,6,1,168,train
Preprocessed_Data/192 hr/pH6 Hydrolytic/cropped_192hr_pH6_W1.JPG,6,1,192,train
Preprocessed_Data/216 hr/pH6 Hydrolytic/cropped_216hr_pH6_W1.JPG,6,1,216,train
Preprocessed_Data/264 hr/pH6 Hydrolytic/cropped_264hr_pH6_W1.JPG,6,1,264,train
Preprocessed_Data/0 hr/pH6 Hydrolytic/cropped_0hr_pH6_W2.JPG,6,2,0,train
Preprocessed_Data/24 hr/pH6 Hydrolytic/cropped_24hr_pH6_W2.JPG,6,2,24,train
Preprocessed_Data/30 hr/pH6 Hydrolytic/cropped_30hr_pH6_W2.JPG,6,2,30,train
Preprocessed_Data/48 hr/pH6 Hydrolytic/cropped_48hr_pH6_W2.JPG,6,2,48,train
Preprocessed_Data/72 hr/pH6 Hydrolytic/cropped_72hr_pH6_W2.JPG,6,2,72,train
Preprocessed_Data/95 hr/pH6 Hydrolytic/cropped_95hr_pH6_W2.JPG,6,2,95,train
Preprocessed_Data/120 hr/pH6 Hydrolytic/cropped_120hr_pH6_W2.JPG,6,2,120,train
Preprocessed_Data/168 hr/pH6 Hydrolytic/cropped_168hr_pH6_W2.JPG,6,2,168,train
Preprocessed_Data/192 hr/pH6 Hydrolytic/cropped_192hr_pH6_W2.JPG,6,2,192,train
Preprocessed_Data/216 hr/pH6 Hydrolytic/cropped_216hr_pH6_W2.JPG,6,2,216,train
Preprocessed_Data/264 hr/pH6 Hydrolytic/cropped_264hr_pH6_W2.JPG,6,2,264,train
Preprocessed_Data/0 hr/pH6 Hydrolytic/cropped_0hr_pH6_W4.JPG,6,4,0,train
Preprocessed_Data/24 hr/pH6 Hydrolytic/cropped_24hr_pH6_W4.JPG,6,4,24,train
Preprocessed_Data/30 hr/pH6 Hydrolytic/cropped_30hr_pH6_W4.JPG,6,4,30,train
Preprocessed_Data/48 hr/pH6 Hydrolytic/cropped_48hr_pH6_W4.JPG,6,4,48,train
Preprocessed_Data/72 hr/pH6 Hydrolytic/cropped_72hr_pH6_W4.JPG,6,4,72,train
Preprocessed_Data/95 hr/pH6 Hydrolytic/cropped_95hr_pH6_W4.JPG,6,4,95,train
Preprocessed_Data/120 hr/pH6 Hydrolytic/cropped_120hr_pH6_W4.JPG,6,4,120,train
Preprocessed_Data/168 hr/pH6 Hydrolytic/cropped_168hr_pH6_W4.JPG,6,4,168,train
Preprocessed_Data/192 hr/pH6 Hydrolytic/cropped_192hr_pH6_W4.JPG,6,4,192,train
Preprocessed_Data/216 hr/pH6 Hydrolytic/cropped_216hr_pH6_W4.JPG,6,4,216,train
Preprocessed_Data/264 hr/pH6 Hydrolytic/cropped_264hr_pH6_W4.JPG,6,4,264,train
Preprocessed_Data/0 hr/pH6 Hydrolytic/cropped_0hr_pH6_W7.JPG,6,7,0,train
Preprocessed_Data/24 hr/pH6 Hydrolytic/cropped_24hr_pH6_W7.JPG,6,7,24,train
Preprocessed_Data/30 hr/pH6 Hydrolytic/cropped_30hr_pH6_W7.JPG,6,7,30,train
Preprocessed_Data/48 hr/pH6 Hydrolytic/cropped_48hr_pH6_W7.JPG,6,7,48,train
Preprocessed_Data/72 hr/pH6 Hydrolytic/cropped_72hr_pH6_W7.JPG,6,7,72,train
Preprocessed_Data/95 hr/pH6 Hydrolytic/cropped_95hr_pH6_W7.JPG,6,7,95,train
Preprocessed_Data/120 hr/pH6 Hydrolytic/cropped_120hr_pH6_W7.JPG,6,7,120,train
Preprocessed_Data/168 hr/pH6 Hydrolytic/cropped_168hr_pH6_W7.JPG,6,7,168,train
Preprocessed_Data/192 hr/pH6 Hydrolytic/cropped_192hr_pH6_W7.JPG,6,7,192,train
Preprocessed_Data/216 hr/pH6 Hydrolytic/cropped_216hr_pH6_W7.JPG,6,7,216,train
Preprocessed_Data/264 hr/pH6 Hydrolytic/cropped_264hr_pH6_W7.JPG,6,7,264,train
Preprocessed_Data/0 hr/pH6 Hydrolytic/cropped_0hr_pH6_W9.JPG,6,9,0,train
Preprocessed_Data/24 hr/pH6 Hydrolytic/cropped_24hr_pH6_W9.JPG,6,9,24,train
Preprocessed_Data/30 hr/pH6 Hydrolytic/cropped_30hr_pH6_W9.JPG,6,9,30,train
Preprocessed_Data/48 hr/pH6 Hydrolytic/cropped_48hr_pH6_W9.JPG,6,9,48,train
Preprocessed_Data/72 hr/pH6 Hydrolytic/cropped_72hr_pH6_W9.JPG,6,9,72,train
Preprocessed_Data/95 hr/pH6 Hydrolytic/cropped_95hr_pH6_W9.JPG,6,9,95,train
Preprocessed_Data/120 hr/pH6 Hydrolytic/cropped_120hr_pH6_W9.JPG,6,9,120,train
Preprocessed_Data/168 hr/pH6 Hydrolytic/cropped_168hr_pH6_W9.JPG,6,9,168,train
Preprocessed_Data/192 hr/pH6 Hydrolytic/cropped_192hr_pH6_W9.JPG,6,9,192,train
Preprocessed_Data/216 hr/pH6 Hydrolytic/cropped_216hr_pH6_W9.JPG,6,9,216,train
Preprocessed_Data/264 hr/pH6 Hydrolytic/cropped_264hr_pH6_W9.JPG,6,9,264,train
Preprocessed_Data/0 hr/pH6 Hydrolytic/cropped_0hr_pH6_W10.JPG,6,10,0,train
Preprocessed_Data/24 hr/pH6 Hydrolytic/cropped_24hr_pH6_W10.JPG,6,10,24,train
Preprocessed_Data/30 hr/pH6 Hydrolytic/cropped_30hr_pH6_W10.JPG,6,10,30,train
Preprocessed_Data/48 hr/pH6 Hydrolytic/cropped_48hr_pH6_W10.JPG,6,10,48,train
Preprocessed_Data/72 hr/pH6 Hydrolytic/cropped_72hr_pH6_W10.JPG,6,10,72,train
Preprocessed_Data/95 hr/pH6 Hydrolytic/cropped_95hr_pH6_W10.JPG,6,10,95,train
Preprocessed_Data/120 hr/pH6 Hydrolytic/cropped_120hr_pH6_W10.JPG,6,10,120,train
Preprocessed_Data/168 hr/pH6 Hydrolytic/cropped_168hr_pH6_W10.JPG,6,10,168,train
Preprocessed_Data/192 hr/pH6 Hydrolytic/cropped_192hr_pH6_W10.JPG,6,10,192,train
Preprocessed_Data/216 hr/pH6 Hydrolytic/cropped_216hr_pH6_W10.JPG,6,10,216,train
Preprocessed_Data/264 hr/pH6 Hydrolytic/cropped_264hr_pH6_W10.JPG,6,10,264,train
Preprocessed_Data/0 hr/pH6 Hydrolytic/cropped_0hr_pH6_W11.JPG,6,11,0,train
Preprocessed_Data/24 hr/pH6 Hydrolytic/cropped_24hr_pH6_W11.JPG,6,11,24,train
Preprocessed_Data/30 hr/pH6 Hydrolytic/cropped_30hr_pH6_W11.JPG,6,11,30,train
Preprocessed_Data/48 hr/pH6 Hydrolytic/cropped_48hr_pH6_W11.JPG,6,11,48,train
Preprocessed_Data/72 hr/pH6 Hydrolytic/cropped_72hr_pH6_W11.JPG,6,11,72,train
Preprocessed_Data/95 hr/pH6 Hydrolytic/cropped_95hr_pH6_W11.JPG,6,11,95,train
Preprocessed_Data/120 hr/pH6 Hydrolytic/cropped_120hr_pH6_W11.JPG,6,11,120,train
Preprocessed_Data/168 hr/pH6 Hydrolytic/cropped_168hr_pH6_W11.JPG,6,11,168,train
Preprocessed_Data/192 hr/pH6 Hydrolytic/cropped_192hr_pH6_W11.JPG,6,11,192,train
Preprocessed_Data/216 hr/pH6 Hydrolytic/cropped_216hr_pH6_W11.JPG,6,11,216,train
Preprocessed_Data/264 hr/pH6 Hydrolytic/cropped_264hr_pH6_W11.JPG,6,11,264,train
Preprocessed_Data/0 hr/pH6 Hydrolytic/cropped_0hr_pH6_W12.JPG,6,12,0,train
Preprocessed_Data/24 hr/pH6 Hydrolytic/cropped_24hr_pH6_W12.JPG,6,12,24,train
Preprocessed_Data/30 hr/pH6 Hydrolytic/cropped_30hr_pH6_W12.JPG,6,12,30,train
Preprocessed_Data/48 hr/pH6 Hydrolytic/cropped_48hr_pH6_W12.JPG,6,12,48,train
Preprocessed_Data/72 hr/pH6 Hydrolytic/cropped_72hr_pH6_W12.JPG,6,12,72,train
Preprocessed_Data/95 hr/pH6 Hydrolytic/cropped_95hr_pH6_W12.JPG,6,12,95,train
Preprocessed_Data/120 hr/pH6 Hydrolytic/cropped_120hr_pH6_W12.JPG,6,12,120,train
Preprocessed_Data/168 hr/pH6 Hydrolytic/cropped_168hr_pH6_W12.JPG,6,12,168,train
Preprocessed_Data/192 hr/pH6 Hydrolytic/cropped_192hr_pH6_W12.JPG,6,12,192,train
Preprocessed_Data/216 hr/pH6 Hydrolytic/cropped_216hr_pH6_W12.JPG,6,12,216,train
Preprocessed_Data/264 hr/pH6 Hydrolytic/cropped_264hr_pH6_W12.JPG,6,12,264,train
Preprocessed_Data/0 hr/pH6 Hydrolytic/cropped_0hr_pH6_W14.JPG,6,14,0,train
Preprocessed_Data/24 hr/pH6 Hydrolytic/cropped_24hr_pH6_W14.JPG,6,14,24,train
Preprocessed_Data/30 hr/pH6 Hydrolytic/cropped_30hr_pH6_W14.JPG,6,14,30,train
Preprocessed_Data/48 hr/pH6 Hydrolytic/cropped_48hr_pH6_W14.JPG,6,14,48,train
Preprocessed_Data/72 hr/pH6 Hydrolytic/cropped_72hr_pH6_W14.JPG,6,14,72,train
Preprocessed_Data/95 hr/pH6 Hydrolytic/cropped_95hr_pH6_W14.JPG,6,14,95,train
Preprocessed_Data/120 hr/pH6 Hydrolytic/cropped_120hr_pH6_W14.JPG,6,14,120,train
Preprocessed_Data/168 hr/pH6 Hydrolytic/cropped_168hr_pH6_W14.JPG,6,14,168,train
Preprocessed_Data/192 hr/pH6 Hydrolytic/cropped_192hr_pH6_W14.JPG,6,14,192,train
Preprocessed_Data/216 hr/pH6 Hydrolytic/cropped_216hr_pH6_W14.JPG,6,14,216,train
Preprocessed_Data/264 hr/pH6 Hydrolytic/cropped_264hr_pH6_W14.JPG,6,14,264,train
Preprocessed_Data/0 hr/pH6 Hydrolytic/cropped_0hr_pH6_W16.JPG,6,16,0,train
Preprocessed_Data/24 hr/pH6 Hydrolytic/cropped_24hr_pH6_W16.JPG,6,16,24,train
Preprocessed_Data/30 hr/pH6 Hydrolytic/cropped_30hr_pH6_W16.JPG,6,16,30,train
Preprocessed_Data/48 hr/pH6 Hydrolytic/cropped_48hr_pH6_W16.JPG,6,16,48,train
Preprocessed_Data/72 hr/pH6 Hydrolytic/cropped_72hr_pH6_W16.JPG,6,16,72,train
Preprocessed_Data/95 hr/pH6 Hydrolytic/cropped_95hr_pH6_W16.JPG,6,16,95,train
Preprocessed_Data/120 hr/pH6 Hydrolytic/cropped_120hr_pH6_W16.JPG,6,16,120,train
Preprocessed_Data/168 hr/pH6 Hydrolytic/cropped_168hr_pH6_W16.JPG,6,16,168,train
Preprocessed_Data/192 hr/pH6 Hydrolytic/cropped_192hr_pH6_W16.JPG,6,16,192,train
Preprocessed_Data/216 hr/pH6 Hydrolytic/cropped_216hr_pH6_W16.JPG,6,16,216,train
Preprocessed_Data/264 hr/pH6 Hydrolytic/cropped_264hr_pH6_W16.JPG,6,16,264,train
Preprocessed_Data/0 hr/pH6 Hydrolytic/cropped_0hr_pH6_W17.JPG,6,17,0,train
Preprocessed_Data/24 hr/pH6 Hydrolytic/cropped_24hr_pH6_W17.JPG,6,17,24,train
Preprocessed_Data/30 hr/pH6 Hydrolytic/cropped_30hr_pH6_W17.JPG,6,17,30,train
Preprocessed_Data/48 hr/pH6 Hydrolytic/cropped_48hr_pH6_W17.JPG,6,17,48,train
Preprocessed_Data/72 hr/pH6 Hydrolytic/cropped_72hr_pH6_W17.JPG,6,17,72,train
Preprocessed_Data/95 hr/pH6 Hydrolytic/cropped_95hr_pH6_W17.JPG,6,17,95,train
Preprocessed_Data/120 hr/pH6 Hydrolytic/cropped_120hr_pH6_W17.JPG,6,17,120,train
Preprocessed_Data/168 hr/pH6 Hydrolytic/cropped_168hr_pH6_W17.JPG,6,17,168,train
Preprocessed_Data/192 hr/pH6 Hydrolytic/cropped_192hr_pH6_W17.JPG,6,17,192,train
Preprocessed_Data/216 hr/pH6 Hydrolytic/cropped_216hr_pH6_W17.JPG,6,17,216,train
Preprocessed_Data/264 hr/pH6 Hydrolytic/cropped_264hr_pH6_W17.JPG,6,17,264,train
Preprocessed_Data/0 hr/pH6 Hydrolytic/cropped_0hr_pH6_W18.JPG,6,18,0,train
Preprocessed_Data/24 hr/pH6 Hydrolytic/cropped_24hr_pH6_W18.JPG,6,18,24,train
Preprocessed_Data/30 hr/pH6 Hydrolytic/cropped_30hr_pH6_W18.JPG,6,18,30,train
Preprocessed_Data/48 hr/pH6 Hydrolytic/cropped_48hr_pH6_W18.JPG,6,18,48,train
Preprocessed_Data/72 hr/pH6 Hydrolytic/cropped_72hr_pH6_W18.JPG,6,18,72,train
Preprocessed_Data/95 hr/pH6 Hydrolytic/cropped_95hr_pH6_W18.JPG,6,18,95,train
Preprocessed_Data/120 hr/pH6 Hydrolytic/cropped_120hr_pH6_W18.JPG,6,18,120,train
Preprocessed_Data/168 hr/pH6 Hydrolytic/cropped_168hr_pH6_W18.JPG,6,18,168,train
Preprocessed_Data/192 hr/pH6 Hydrolytic/cropped_192hr_pH6_W18.JPG,6,18,192,train
Preprocessed_Data/216 hr/pH6 Hydrolytic/cropped_216hr_pH6_W18.JPG,6,18,216,train
Preprocessed_Data/264 hr/pH6 Hydrolytic/cropped_264hr_pH6_W18.JPG,6,18,264,train
Preprocessed_Data/0 hr/pH6 Hydrolytic/cropped_0hr_pH6_W20.JPG,6,20,0,train
Preprocessed_Data/24 hr/pH6 Hydrolytic/cropped_24hr_pH6_W20.JPG,6,20,24,train
Preprocessed_Data/30 hr/pH6 Hydrolytic/cropped_30hr_pH6_W20.JPG,6,20,30,train
Preprocessed_Data/48 hr/pH6 Hydrolytic/cropped_48hr_pH6_W20.JPG,6,20,48,train
Preprocessed_Data/72 hr/pH6 Hydrolytic/cropped_72hr_pH6_W20.JPG,6,20,72,train
Preprocessed_Data/95 hr/pH6 Hydrolytic/cropped_95hr_pH6_W20.JPG,6,20,95,train
Preprocessed_Data/120 hr/pH6 Hydrolytic/cropped_120hr_pH6_W20.JPG,6,20,120,train
Preprocessed_Data/168 hr/pH6 Hydrolytic/cropped_168hr_pH6_W20.JPG,6,20,168,train
Preprocessed_Data/192 hr/pH6 Hydrolytic/cropped_192hr_pH6_W20.JPG,6,20,192,train
Preprocessed_Data/216 hr/pH6 Hydrolytic/cropped_216hr_pH6_W20.JPG,6,20,216,train
Preprocessed_Data/264 hr/pH6 Hydrolytic/cropped_264hr_pH6_W20.JPG,6,20,264,train
Preprocessed_Data/0 hr/pH6 Hydrolytic/cropped_0hr_pH6_W21.JPG,6,21,0,train
Preprocessed_Data/24 hr/pH6 Hydrolytic/cropped_24hr_pH6_W21.JPG,6,21,24,train
Preprocessed_Data/30 hr/pH6 Hydrolytic/cropped_30hr_pH6_W21.JPG,6,21,30,train
Preprocessed_Data/48 hr/pH6 Hydrolytic/cropped_48hr_pH6_W21.JPG,6,21,48,train
Preprocessed_Data/72 hr/pH6 Hydrolytic/cropped_72hr_pH6_W21.JPG,6,21,72,train
Preprocessed_Data/95 hr/pH6 Hydrolytic/cropped_95hr_pH6_W21.JPG,6,21,95,train
Preprocessed_Data/120 hr/pH6 Hydrolytic/cropped_120hr_pH6_W21.JPG,6,21,120,train
Preprocessed_Data/168 hr/pH6 Hydrolytic/cropped_168hr_pH6_W21.JPG,6,21,168,train
Preprocessed_Data/192 hr/pH6 Hydrolytic/cropped_192hr_pH6_W21.JPG,6,21,192,train
Preprocessed_Data/216 hr/pH6 Hydrolytic/cropped_216hr_pH6_W21.JPG,6,21,216,train
Preprocessed_Data/264 hr/pH6 Hydrolytic/cropped_264hr_pH6_W21.JPG,6,21,264,train
Preprocessed_Data/0 hr/pH6 Hydrolytic/cropped_0hr_pH6_W22.JPG,6,22,0,train
Preprocessed_Data/24 hr/pH6 Hydrolytic/cropped_24hr_pH6_W22.JPG,6,22,24,train
Preprocessed_Data/30 hr/pH6 Hydrolytic/cropped_30hr_pH6_W22.JPG,6,22,30,train
Preprocessed_Data/48 hr/pH6 Hydrolytic/cropped_48hr_pH6_W22.JPG,6,22,48,train
Preprocessed_Data/72 hr/pH6 Hydrolytic/cropped_72hr_pH6_W22.JPG,6,22,72,train
Preprocessed_Data/95 hr/pH6 Hydrolytic/cropped_95hr_pH6_W22.JPG,6,22,95,train
Preprocessed_Data/120 hr/pH6 Hydrolytic/cropped_120hr_pH6_W22.JPG,6,22,120,train
Preprocessed_Data/168 hr/pH6 Hydrolytic/cropped_168hr_pH6_W22.JPG,6,22,168,train
Preprocessed_Data/192 hr/pH6 Hydrolytic/cropped_192hr_pH6_W22.JPG,6,22,192,train
Preprocessed_Data/216 hr/pH6 Hydrolytic/cropped_216hr_pH6_W22.JPG,6,22,216,train
Preprocessed_Data/264 hr/pH6 Hydrolytic/cropped_264hr_pH6_W22.JPG,6,22,264,train
Preprocessed_Data/0 hr/pH6 Hydrolytic/cropped_0hr_pH6_W23.JPG,6,23,0,train
Preprocessed_Data/24 hr/pH6 Hydrolytic/cropped_24hr_pH6_W23.JPG,6,23,24,train
Preprocessed_Data/30 hr/pH6 Hydrolytic/cropped_30hr_pH6_W23.JPG,6,23,30,train
Preprocessed_Data/48 hr/pH6 Hydrolytic/cropped_48hr_pH6_W23.JPG,6,23,48,train
Preprocessed_Data/72 hr/pH6 Hydrolytic/cropped_72hr_pH6_W23.JPG,6,23,72,train
Preprocessed_Data/95 hr/pH6 Hydrolytic/cropped_95hr_pH6_W23.JPG,6,23,95,train
Preprocessed_Data/120 hr/pH6 Hydrolytic/cropped_120hr_pH6_W23.JPG,6,23,120,train
Preprocessed_Data/168 hr/pH6 Hydrolytic/cropped_168hr_pH6_W23.JPG,6,23,168,train
Preprocessed_Data/192 hr/pH6 Hydrolytic/cropped_192hr_pH6_W23.JPG,6,23,192,train
Preprocessed_Data/216 hr/pH6 Hydrolytic/cropped_216hr_pH6_W23.JPG,6,23,216,train
Preprocessed_Data/264 hr/pH6 Hydrolytic/cropped_264hr_pH6_W23.JPG,6,23,264,train
Preprocessed_Data/0 hr/pH6 Hydrolytic/cropped_0hr_pH6_W26.JPG,6,26,0,train
Preprocessed_Data/24 hr/pH6 Hydrolytic/cropped_24hr_pH6_W26.JPG,6,26,24,train
Preprocessed_Data/30 hr/pH6 Hydrolytic/cropped_30hr_pH6_W26.JPG,6,26,30,train
Preprocessed_Data/48 hr/pH6 Hydrolytic/cropped_48hr_pH6_W26.JPG,6,26,48,train
Preprocessed_Data/72 hr/pH6 Hydrolytic/cropped_72hr_pH6_W26.JPG,6,26,72,train
Preprocessed_Data/95 hr/pH6 Hydrolytic/cropped_95hr_pH6_W26.JPG,6,26,95,train
Preprocessed_Data/120 hr/pH6 Hydrolytic/cropped_120hr_pH6_W26.JPG,6,26,120,train
Preprocessed_Data/168 hr/pH6 Hydrolytic/cropped_168hr_pH6_W26.JPG,6,26,168,train
Preprocessed_Data/192 hr/pH6 Hydrolytic/cropped_192hr_pH6_W26.JPG,6,26,192,train
Preprocessed_Data/216 hr/pH6 Hydrolytic/cropped_216hr_pH6_W26.JPG,6,26,216,train
Preprocessed_Data/264 hr/pH6 Hydrolytic/cropped_264hr_pH6_W26.JPG,6,26,264,train
Preprocessed_Data/0 hr/pH6 Hydrolytic/cropped_0hr_pH6_W27.JPG,6,27,0,train
Preprocessed_Data/24 hr/pH6 Hydrolytic/cropped_24hr_pH6_W27.JPG,6,27,24,train
Preprocessed_Data/30 hr/pH6 Hydrolytic/cropped_30hr_pH6_W27.JPG,6,27,30,train
Preprocessed_Data/48 hr/pH6 Hydrolytic/cropped_48hr_pH6_W27.JPG,6,27,48,train
Preprocessed_Data/72 hr/pH6 Hydrolytic/cropped_72hr_pH6_W27.JPG,6,27,72,train
Preprocessed_Data/95 hr/pH6 Hydrolytic/cropped_95hr_pH6_W27.JPG,6,27,95,train
Preprocessed_Data/120 hr/pH6 Hydrolytic/cropped_120hr_pH6_W27.JPG,6,27,120,train
Preprocessed_Data/168 hr/pH6 Hydrolytic/cropped_168hr_pH6_W27.JPG,6,27,168,train
Preprocessed_Data/192 hr/pH6 Hydrolytic/cropped_192hr_pH6_W27.JPG,6,27,192,train
Preprocessed_Data/216 hr/pH6 Hydrolytic/cropped_216hr_pH6_W27.JPG,6,27,216,train
Preprocessed_Data/264 hr/pH6 Hydrolytic/cropped_264hr_pH6_W27.JPG,6,27,264,train
Preprocessed_Data/0 hr/pH6 Hydrolytic/cropped_0hr_pH6_W29.JPG,6,29,0,train
Preprocessed_Data/24 hr/pH6 Hydrolytic/cropped_24hr_pH6_W29.JPG,6,29,24,train
Preprocessed_Data/30 hr/pH6 Hydrolytic/cropped_30hr_pH6_W29.JPG,6,29,30,train
Preprocessed_Data/48 hr/pH6 Hydrolytic/cropped_48hr_pH6_W29.JPG,6,29,48,train
Preprocessed_Data/72 hr/pH6 Hydrolytic/cropped_72hr_pH6_W29.JPG,6,29,72,train
Preprocessed_Data/95 hr/pH6 Hydrolytic/cropped_95hr_pH6_W29.JPG,6,29,95,train
Preprocessed_Data/120 hr/pH6 Hydrolytic/cropped_120hr_pH6_W29.JPG,6,29,120,train
Preprocessed_Data/168 hr/pH6 Hydrolytic/cropped_168hr_pH6_W29.JPG,6,29,168,train
Preprocessed_Data/192 hr/pH6 Hydrolytic/cropped_192hr_pH6_W29.JPG,6,29,192,train
Preprocessed_Data/216 hr/pH6 Hydrolytic/cropped_216hr_pH6_W29.JPG,6,29,216,train
Preprocessed_Data/264 hr/pH6 Hydrolytic/cropped_264hr_pH6_W29.JPG,6,29,264,train
Preprocessed_Data/0 hr/pH6 Hydrolytic/cropped_0hr_pH6_W31.JPG,6,31,0,train
Preprocessed_Data/24 hr/pH6 Hydrolytic/cropped_24hr_pH6_W31.JPG,6,31,24,train
Preprocessed_Data/30 hr/pH6 Hydrolytic/cropped_30hr_pH6_W31.JPG,6,31,30,train
Preprocessed_Data/48 hr/pH6 Hydrolytic/cropped_48hr_pH6_W31.JPG,6,31,48,train
Preprocessed_Data/72 hr/pH6 Hydrolytic/cropped_72hr_pH6_W31.JPG,6,31,72,train
Preprocessed_Data/95 hr/pH6 Hydrolytic/cropped_95hr_pH6_W31.JPG,6,31,95,train
Preprocessed_Data/120 hr/pH6 Hydrolytic/cropped_120hr_pH6_W31.JPG,6,31,120,train
Preprocessed_Data/168 hr/pH6 Hydrolytic/cropped_168hr_pH6_W31.JPG,6,31,168,train
Preprocessed_Data/192 hr/pH6 Hydrolytic/cropped_192hr_pH6_W31.JPG,6,31,192,train
Preprocessed_Data/216 hr/pH6 Hydrolytic/cropped_216hr_pH6_W31.JPG,6,31,216,train
Preprocessed_Data/264 hr/pH6 Hydrolytic/cropped_264hr_pH6_W31.JPG,6,31,264,train
Preprocessed_Data/0 hr/pH6 Hydrolytic/cropped_0hr_pH6_W32.JPG,6,32,0,train
Preprocessed_Data/24 hr/pH6 Hydrolytic/cropped_24hr_pH6_W32.JPG,6,32,24,train
Preprocessed_Data/30 hr/pH6 Hydrolytic/cropped_30hr_pH6_W32.JPG,6,32,30,train
Preprocessed_Data/48 hr/pH6 Hydrolytic/cropped_48hr_pH6_W32.JPG,6,32,48,train
Preprocessed_Data/72 hr/pH6 Hydrolytic/cropped_72hr_pH6_W32.JPG,6,32,72,train
Preprocessed_Data/95 hr/pH6 Hydrolytic/cropped_95hr_pH6_W32.JPG,6,32,95,train
Preprocessed_Data/120 hr/pH6 Hydrolytic/cropped_120hr_pH6_W32.JPG,6,32,120,train
Preprocessed_Data/168 hr/pH6 Hydrolytic/cropped_168hr_pH6_W32.JPG,6,32,168,train
Preprocessed_Data/192 hr/pH6 Hydrolytic/cropped_192hr_pH6_W32.JPG,6,32,192,train
Preprocessed_Data/216 hr/pH6 Hydrolytic/cropped_216hr_pH6_W32.JPG,6,32,216,train
Preprocessed_Data/264 hr/pH6 Hydrolytic/cropped_264hr_pH6_W32.JPG,6,32,264,train
Preprocessed_Data/0 hr/pH6 Hydrolytic/cropped_0hr_pH6_W33.JPG,6,33,0,train
Preprocessed_Data/24 hr/pH6 Hydrolytic/cropped_24hr_pH6_W33.JPG,6,33,24,train
Preprocessed_Data/30 hr/pH6 Hydrolytic/cropped_30hr_pH6_W33.JPG,6,33,30,train
Preprocessed_Data/48 hr/pH6 Hydrolytic/cropped_48hr_pH6_W33.JPG,6,33,48,train
Preprocessed_Data/72 hr/pH6 Hydrolytic/cropped_72hr_pH6_W33.JPG,6,33,72,train
Preprocessed_Data/95 hr/pH6 Hydrolytic/cropped_95hr_pH6_W33.JPG,6,33,95,train
Preprocessed_Data/120 hr/pH6 Hydrolytic/cropped_120hr_pH6_W33.JPG,6,33,120,train
Preprocessed_Data/168 hr/pH6 Hydrolytic/cropped_168hr_pH6_W33.JPG,6,33,168,train
Preprocessed_Data/192 hr/pH6 Hydrolytic/cropped_192hr_pH6_W33.JPG,6,33,192,train
Preprocessed_Data/216 hr/pH6 Hydrolytic/cropped_216hr_pH6_W33.JPG,6,33,216,train
Preprocessed_Data/264 hr/pH6 Hydrolytic/cropped_264hr_pH6_W33.JPG,6,33,264,train
Preprocessed_Data/0 hr/pH6 Hydrolytic/cropped_0hr_pH6_W34.JPG,6,34,0,train
Preprocessed_Data/24 hr/pH6 Hydrolytic/cropped_24hr_pH6_W34.JPG,6,34,24,train
Preprocessed_Data/30 hr/pH6 Hydrolytic/cropped_30hr_pH6_W34.JPG,6,34,30,train
Preprocessed_Data/48 hr/pH6 Hydrolytic/cropped_48hr_pH6_W34.JPG,6,34,48,train
Preprocessed_Data/72 hr/pH6 Hydrolytic/cropped_72hr_pH6_W34.JPG,6,34,72,train
Preprocessed_Data/95 hr/pH6 Hydrolytic/cropped_95hr_pH6_W34.JPG,6,34,95,train
Preprocessed_Data/120 hr/pH6 Hydrolytic/cropped_120hr_pH6_W34.JPG,6,34,120,train
Preprocessed_Data/168 hr/pH6 Hydrolytic/cropped_168hr_pH6_W34.JPG,6,34,168,train
Preprocessed_Data/192 hr/pH6 Hydrolytic/cropped_192hr_pH6_W34.JPG,6,34,192,train
Preprocessed_Data/216 hr/pH6 Hydrolytic/cropped_216hr_pH6_W34.JPG,6,34,216,train
Preprocessed_Data/264 hr/pH6 Hydrolytic/cropped_264hr_pH6_W34.JPG,6,34,264,train
Preprocessed_Data/24 hr/pH6 Hydrolytic/cropped_24hr_pH6_W38.JPG,6,38,24,train
Preprocessed_Data/30 hr/pH6 Hydrolytic/cropped_30hr_pH6_W38.JPG,6,38,30,train
Preprocessed_Data/48 hr/pH6 Hydrolytic/cropped_48hr_pH6_W38.JPG,6,38,48,train
Preprocessed_Data/72 hr/pH6 Hydrolytic/cropped_72hr_pH6_W38.JPG,6,38,72,train
Preprocessed_Data/95 hr/pH6 Hydrolytic/cropped_95hr_pH6_W38.JPG,6,38,95,train
Preprocessed_Data/120 hr/pH6 Hydrolytic/cropped_120hr_pH6_W38.JPG,6,38,120,train
Preprocessed_Data/168 hr/pH6 Hydrolytic/cropped_168hr_pH6_W38.JPG,6,38,168,train
Preprocessed_Data/192 hr/pH6 Hydrolytic/cropped_192hr_pH6_W38.JPG,6,38,192,train
Preprocessed_Data/216 hr/pH6 Hydrolytic/cropped_216hr_pH6_W38.JPG,6,38,216,train
Preprocessed_Data/264 hr/pH6 Hydrolytic/cropped_264hr_pH6_W38.JPG,6,38,264,train
Preprocessed_Data/0 hr/pH6 Hydrolytic/cropped_0hr_pH6_W39.JPG,6,39,0,train
Preprocessed_Data/24 hr/pH6 Hydrolytic/cropped_24hr_pH6_W39.JPG,6,39,24,train
Preprocessed_Data/30 hr/pH6 Hydrolytic/cropped_30hr_pH6_W39.JPG,6,39,30,train
Preprocessed_Data/48 hr/pH6 Hydrolytic/cropped_48hr_pH6_W39.JPG,6,39,48,train
Preprocessed_Data/72 hr/pH6 Hydrolytic/cropped_72hr_pH6_W39.JPG,6,39,72,train
Preprocessed_Data/95 hr/pH6 Hydrolytic/cropped_95hr_pH6_W39.JPG,6,39,95,train
Preprocessed_Data/120 hr/pH6 Hydrolytic/cropped_120hr_pH6_W39.JPG,6,39,120,train
Preprocessed_Data/168 hr/pH6 Hydrolytic/cropped_168hr_pH6_W39.JPG,6,39,168,train
Preprocessed_Data/192 hr/pH6 Hydrolytic/cropped_192hr_pH6_W39.JPG,6,39,192,train
Preprocessed_Data/216 hr/pH6 Hydrolytic/cropped_216hr_pH6_W39.JPG,6,39,216,train
Preprocessed_Data/264 hr/pH6 Hydrolytic/cropped_264hr_pH6_W39.JPG,6,39,264,train
Preprocessed_Data/0 hr/pH6 Hydrolytic/cropped_0hr_pH6_W41.JPG,6,41,0,train
Preprocessed_Data/24 hr/pH6 Hydrolytic/cropped_24hr_pH6_W41.JPG,6,41,24,train
Preprocessed_Data/30 hr/pH6 Hydrolytic/cropped_30hr_pH6_W41.JPG,6,41,30,train
Preprocessed_Data/48 hr/pH6 Hydrolytic/cropped_48hr_pH6_W41.JPG,6,41,48,train
Preprocessed_Data/72 hr/pH6 Hydrolytic/cropped_72hr_pH6_W41.JPG,6,41,72,train
Preprocessed_Data/95 hr/pH6 Hydrolytic/cropped_95hr_pH6_W41.JPG,6,41,95,train
Preprocessed_Data/120 hr/pH6 Hydrolytic/cropped_120hr_pH6_W41.JPG,6,41,120,train
Preprocessed_Data/168 hr/pH6 Hydrolytic/cropped_168hr_pH6_W41.JPG,6,41,168,train
Preprocessed_Data/192 hr/pH6 Hydrolytic/cropped_192hr_pH6_W41.JPG,6,41,192,train
Preprocessed_Data/216 hr/pH6 Hydrolytic/cropped_216hr_pH6_W41.JPG,6,41,216,train
Preprocessed_Data/264 hr/pH6 Hydrolytic/cropped_264hr_pH6_W41.JPG,6,41,264,train
Preprocessed_Data/0 hr/pH6 Hydrolytic/cropped_0hr_pH6_W43.JPG,6,43,0,train
Preprocessed_Data/24 hr/pH6 Hydrolytic/cropped_24hr_pH6_W43.JPG,6,43,24,train
Preprocessed_Data/30 hr/pH6 Hydrolytic/cropped_30hr_pH6_W43.JPG,6,43,30,train
Preprocessed_Data/48 hr/pH6 Hydrolytic/cropped_48hr_pH6_W43.JPG,6,43,48,train
Preprocessed_Data/72 hr/pH6 Hydrolytic/cropped_72hr_pH6_W43.JPG,6,43,72,train
Preprocessed_Data/95 hr/pH6 Hydrolytic/cropped_95hr_pH6_W43.JPG,6,43,95,train
Preprocessed_Data/120 hr/pH6 Hydrolytic/cropped_120hr_pH6_W43.JPG,6,43,120,train
Preprocessed_Data/168 hr/pH6 Hydrolytic/cropped_168hr_pH6_W43.JPG,6,43,168,train
Preprocessed_Data/192 hr/pH6 Hydrolytic/cropped_192hr_pH6_W43.JPG,6,43,192,train
Preprocessed_Data/216 hr/pH6 Hydrolytic/cropped_216hr_pH6_W43.JPG,6,43,216,train
Preprocessed_Data/264 hr/pH6 Hydrolytic/cropped_264hr_pH6_W43.JPG,6,43,264,train
Preprocessed_Data/0 hr/pH6 Hydrolytic/cropped_0hr_pH6_W45.JPG,6,45,0,train
Preprocessed_Data/24 hr/pH6 Hydrolytic/cropped_24hr_pH6_W45.JPG,6,45,24,train
Preprocessed_Data/30 hr/pH6 Hydrolytic/cropped_30hr_pH6_W45.JPG,6,45,30,train
Preprocessed_Data/48 hr/pH6 Hydrolytic/cropped_48hr_pH6_W45.JPG,6,45,48,train
Preprocessed_Data/72 hr/pH6 Hydrolytic/cropped_72hr_pH6_W45.JPG,6,45,72,train
Preprocessed_Data/120 hr/pH6 Hydrolytic/cropped_120hr_pH6_W45.JPG,6,45,120,train
Preprocessed_Data/168 hr/pH6 Hydrolytic/cropped_168hr_pH6_W45.JPG,6,45,168,train
Preprocessed_Data/192 hr/pH6 Hydrolytic/cropped_192hr_pH6_W45.JPG,6,45,192,train
Preprocessed_Data/0 hr/pH6 Hydrolytic/cropped_0hr_pH6_W46.JPG,6,46,0,train
Preprocessed_Data/24 hr/pH6 Hydrolytic/cropped_24hr_pH6_W46.JPG,6,46,24,train
Preprocessed_Data/30 hr/pH6 Hydrolytic/cropped_30hr_pH6_W46.JPG,6,46,30,train
Preprocessed_Data/48 hr/pH6 Hydrolytic/cropped_48hr_pH6_W46.JPG,6,46,48,train
Preprocessed_Data/72 hr/pH6 Hydrolytic/cropped_72hr_pH6_W46.JPG,6,46,72,train
Preprocessed_Data/120 hr/pH6 Hydrolytic/cropped_120hr_pH6_W46.JPG,6,46,120,train
Preprocessed_Data/168 hr/pH6 Hydrolytic/cropped_168hr_pH6_W46.JPG,6,46,168,train
Preprocessed_Data/192 hr/pH6 Hydrolytic/cropped_192hr_pH6_W46.JPG,6,46,192,train
Preprocessed_Data/216 hr/pH6 Hydrolytic/cropped_216hr_pH6_W46.JPG,6,46,216,train
Preprocessed_Data/264 hr/pH6 Hydrolytic/cropped_264hr_pH6_W46.JPG,6,46,264,train
Preprocessed_Data/0 hr/pH7 Hydrolytic/cropped_0hr_pH7_W1.JPG,7,1,0,train
Preprocessed_Data/24 hr/pH7 Hydrolytic/cropped_24hr_pH7_W1.JPG,7,1,24,train
Preprocessed_Data/30 hr/pH7 Hydrolytic/cropped_30hr_pH7_W1.JPG,7,1,30,train
Preprocessed_Data/48 hr/pH7 Hydrolytic/cropped_48hr_pH7_W1.JPG,7,1,48,train
Preprocessed_Data/72 hr/pH7 Hydrolytic/cropped_72hr_pH7_W1.JPG,7,1,72,train
Preprocessed_Data/95 hr/pH7 Hydrolytic/cropped_95hr_pH7_W1.JPG,7,1,95,train
Preprocessed_Data/120 hr/pH7 Hydrolytic/cropped_120hr_pH7_W1.JPG,7,1,120,train
Preprocessed_Data/168 hr/pH7 Hydrolytic/cropped_168hr_pH7_W1.JPG,7,1,168,train
Preprocessed_Data/192 hr/pH7 Hydrolytic/cropped_192hr_pH7_W1.JPG,7,1,192,train
Preprocessed_Data/216 hr/pH7 Hydrolytic/cropped_216hr_pH7_W1.JPG,7,1,216,train
Preprocessed_Data/264 hr/pH7 Hydrolytic/cropped_264hr_pH7_W1.JPG,7,1,264,train
Preprocessed_Data/0 hr/pH7 Hydrolytic/cropped_0hr_pH7_W2.JPG,7,2,0,train
Preprocessed_Data/24 hr/pH7 Hydrolytic/cropped_24hr_pH7_W2.JPG,7,2,24,train
Preprocessed_Data/30 hr/pH7 Hydrolytic/cropped_30hr_pH7_W2.JPG,7,2,30,train
Preprocessed_Data/48 hr/pH7 Hydrolytic/cropped_48hr_pH7_W2.JPG,7,2,48,train
Preprocessed_Data/72 hr/pH7 Hydrolytic/cropped_72hr_pH7_W2.JPG,7,2,72,train
Preprocessed_Data/95 hr/pH7 Hydrolytic/cropped_95hr_pH7_W2.JPG,7,2,95,train
Preprocessed_Data/120 hr/pH7 Hydrolytic/cropped_120hr_pH7_W2.JPG,7,2,120,train
Preprocessed_Data/168 hr/pH7 Hydrolytic/cropped_168hr_pH7_W2.JPG,7,2,168,train
Preprocessed_Data/192 hr/pH7 Hydrolytic/cropped_192hr_pH7_W2.JPG,7,2,192,train
Preprocessed_Data/216 hr/pH7 Hydrolytic/cropped_216hr_pH7_W2.JPG,7,2,216,train
Preprocessed_Data/264 hr/pH7 Hydrolytic/cropped_264hr_pH7_W2.JPG,7,2,264,train
Preprocessed_Data/0 hr/pH7 Hydrolytic/cropped_0hr_pH7_W3.JPG,7,3,0,train
Preprocessed_Data/24 hr/pH7 Hydrolytic/cropped_24hr_pH7_W3.JPG,7,3,24,train
Preprocessed_Data/30 hr/pH7 Hydrolytic/cropped_30hr_pH7_W3.JPG,7,3,30,train
Preprocessed_Data/48 hr/pH7 Hydrolytic/cropped_48hr_pH7_W3.JPG,7,3,48,train
Preprocessed_Data/72 hr/pH7 Hydrolytic/cropped_72hr_pH7_W3.JPG,7,3,72,train
Preprocessed_Data/95 hr/pH7 Hydrolytic/cropped_95hr_pH7_W3.JPG,7,3,95,train
Preprocessed_Data/120 hr/pH7 Hydrolytic/cropped_120hr_pH7_W3.JPG,7,3,120,train
Preprocessed_Data/168 hr/pH7 Hydrolytic/cropped_168hr_pH7_W3.JPG,7,3,168,train
Preprocessed_Data/192 hr/pH7 Hydrolytic/cropped_192hr_pH7_W3.JPG,7,3,192,train
Preprocessed_Data/216 hr/pH7 Hydrolytic/cropped_216hr_pH7_W3.JPG,7,3,216,train
Preprocessed_Data/264 hr/pH7 Hydrolytic/cropped_264hr_pH7_W3.JPG,7,3,264,train
Preprocessed_Data/0 hr/pH7 Hydrolytic/cropped_0hr_pH7_W4.JPG,7,4,0,train
Preprocessed_Data/24 hr/pH7 Hydrolytic/cropped_24hr_pH7_W4.JPG,7,4,24,train
Preprocessed_Data/30 hr/pH7 Hydrolytic/cropped_30hr_pH7_W4.JPG,7,4,30,train
Preprocessed_Data/48 hr/pH7 Hydrolytic/cropped_48hr_pH7_W4.JPG,7,4,48,train
Preprocessed_Data/72 hr/pH7 Hydrolytic/cropped_72hr_pH7_W4.JPG,7,4,72,train
Preprocessed_Data/95 hr/pH7 Hydrolytic/cropped_95hr_pH7_W4.JPG,7,4,95,train
Preprocessed_Data/120 hr/pH7 Hydrolytic/cropped_120hr_pH7_W4.JPG,7,4,120,train
Preprocessed_Data/168 hr/pH7 Hydrolytic/cropped_168hr_pH7_W4.JPG,7,4,168,train
Preprocessed_Data/192 hr/pH7 Hydrolytic/cropped_192hr_pH7_W4.JPG,7,4,192,train
Preprocessed_Data/216 hr/pH7 Hydrolytic/cropped_216hr_pH7_W4.JPG,7,4,216,train
Preprocessed_Data/264 hr/pH7 Hydrolytic/cropped_264hr_pH7_W4.JPG,7,4,264,train
Preprocessed_Data/0 hr/pH7 Hydrolytic/cropped_0hr_pH7_W6.JPG,7,6,0,train
Preprocessed_Data/24 hr/pH7 Hydrolytic/cropped_24hr_pH7_W6.JPG,7,6,24,train
Preprocessed_Data/30 hr/pH7 Hydrolytic/cropped_30hr_pH7_W6.JPG,7,6,30,train
Preprocessed_Data/48 hr/pH7 Hydrolytic/cropped_48hr_pH7_W6.JPG,7,6,48,train
Preprocessed_Data/72 hr/pH7 Hydrolytic/cropped_72hr_pH7_W6.JPG,7,6,72,train
Preprocessed_Data/95 hr/pH7 Hydrolytic/cropped_95hr_pH7_W6.JPG,7,6,95,train
Preprocessed_Data/120 hr/pH7 Hydrolytic/cropped_120hr_pH7_W6.JPG,7,6,120,train
Preprocessed_Data/168 hr/pH7 Hydrolytic/cropped_168hr_pH7_W6.JPG,7,6,168,train
Preprocessed_Data/192 hr/pH7 Hydrolytic/cropped_192hr_pH7_W6.JPG,7,6,192,train
Preprocessed_Data/216 hr/pH7 Hydrolytic/cropped_216hr_pH7_W6.JPG,7,6,216,train
Preprocessed_Data/264 hr/pH7 Hydrolytic/cropped_264hr_pH7_W6.JPG,7,6,264,train
Preprocessed_Data/24 hr/pH7 Hydrolytic/cropped_24hr_pH7_W7.JPG,7,7,24,train
Preprocessed_Data/30 hr/pH7 Hydrolytic/cropped_30hr_pH7_W7.JPG,7,7,30,train
Preprocessed_Data/48 hr/pH7 Hydrolytic/cropped_48hr_pH7_W7.JPG,7,7,48,train
Preprocessed_Data/72 hr/pH7 Hydrolytic/cropped_72hr_pH7_W7.JPG,7,7,72,train
Preprocessed_Data/95 hr/pH7 Hydrolytic/cropped_95hr_pH7_W7.JPG,7,7,95,train
Preprocessed_Data/120 hr/pH7 Hydrolytic/cropped_120hr_pH7_W7.JPG,7,7,120,train
Preprocessed_Data/168 hr/pH7 Hydrolytic/cropped_168hr_pH7_W7.JPG,7,7,168,train
Preprocessed_Data/192 hr/pH7 Hydrolytic/cropped_192hr_pH7_W7.JPG,7,7,192,train
Preprocessed_Data/216 hr/pH7 Hydrolytic/cropped_216hr_pH7_W7.JPG,7,7,216,train
Preprocessed_Data/264 hr/pH7 Hydrolytic/cropped_264hr_pH7_W7.JPG,7,7,264,train
Preprocessed_Data/0 hr/pH7 Hydrolytic/cropped_0hr_pH7_W11.JPG,7,11,0,train
Preprocessed_Data/24 hr/pH7 Hydrolytic/cropped_24hr_pH7_W11.JPG,7,11,24,train
Preprocessed_Data/30 hr/pH7 Hydrolytic/cropped_30hr_pH7_W11.JPG,7,11,30,train
Preprocessed_Data/48 hr/pH7 Hydrolytic/cropped_48hr_pH7_W11.JPG,7,11,48,train
Preprocessed_Data/72 hr/pH7 Hydrolytic/cropped_72hr_pH7_W11.JPG,7,11,72,train
Preprocessed_Data/95 hr/pH7 Hydrolytic/cropped_95hr_pH7_W11.JPG,7,11,95,train
Preprocessed_Data/120 hr/pH7 Hydrolytic/cropped_120hr_pH7_W11.JPG,7,11,120,train
Preprocessed_Data/168 hr/pH7 Hydrolytic/cropped_168hr_pH7_W11.JPG,7,11,168,train
Preprocessed_Data/192 hr/pH7 Hydrolytic/cropped_192hr_pH7_W11.JPG,7,11,192,train
Preprocessed_Data/216 hr/pH7 Hydrolytic/cropped_216hr_pH7_W11.JPG,7,11,216,train
Preprocessed_Data/264 hr/pH7 Hydrolytic/cropped_264hr_pH7_W11.JPG,7,11,264,train
Preprocessed_Data/0 hr/pH7 Hydrolytic/cropped_0hr_pH7_W13.JPG,7,13,0,train
Preprocessed_Data/24 hr/pH7 Hydrolytic/cropped_24hr_pH7_W13.JPG,7,13,24,train
Preprocessed_Data/30 hr/pH7 Hydrolytic/cropped_30hr_pH7_W13.JPG,7,13,30,train
Preprocessed_Data/48 hr/pH7 Hydrolytic/cropped_48hr_pH7_W13.JPG,7,13,48,train
Preprocessed_Data/72 hr/pH7 Hydrolytic/cropped_72hr_pH7_W13.JPG,7,13,72,train
Preprocessed_Data/95 hr/pH7 Hydrolytic/cropped_95hr_pH7_W13.JPG,7,13,95,train
Preprocessed_Data/120 hr/pH7 Hydrolytic/cropped_120hr_pH7_W13.JPG,7,13,120,train
Preprocessed_Data/168 hr/pH7 Hydrolytic/cropped_168hr_pH7_W13.JPG,7,13,168,train
Preprocessed_Data/192 hr/pH7 Hydrolytic/cropped_192hr_pH7_W13.JPG,7,13,192,train
Preprocessed_Data/216 hr/pH7 Hydrolytic/cropped_216hr_pH7_W13.JPG,7,13,216,train
Preprocessed_Data/264 hr/pH7 Hydrolytic/cropped_264hr_pH7_W13.JPG,7,13,264,train
Preprocessed_Data/0 hr/pH7 Hydrolytic/cropped_0hr_pH7_W15.JPG,7,15,0,train
Preprocessed_Data/24 hr/pH7 Hydrolytic/cropped_24hr_pH7_W15.JPG,7,15,24,train
Preprocessed_Data/30 hr/pH7 Hydrolytic/cropped_30hr_pH7_W15.JPG,7,15,30,train
Preprocessed_Data/48 hr/pH7 Hydrolytic/cropped_48hr_pH7_W15.JPG,7,15,48,train
Preprocessed_Data/72 hr/pH7 Hydrolytic/cropped_72hr_pH7_W15.JPG,7,15,72,train
Preprocessed_Data/95 hr/pH7 Hydrolytic/cropped_95hr_pH7_W15.JPG,7,15,95,train
Preprocessed_Data/120 hr/pH7 Hydrolytic/cropped_120hr_pH7_W15.JPG,7,15,120,train
Preprocessed_Data/168 hr/pH7 Hydrolytic/cropped_168hr_pH7_W15.JPG,7,15,168,train
Preprocessed_Data/192 hr/pH7 Hydrolytic/cropped_192hr_pH7_W15.JPG,7,15,192,train
Preprocessed_Data/216 hr/pH7 Hydrolytic/cropped_216hr_pH7_W15.JPG,7,15,216,train
Preprocessed_Data/264 hr/pH7 Hydrolytic/cropped_264hr_pH7_W15.JPG,7,15,264,train
Preprocessed_Data/0 hr/pH7 Hydrolytic/cropped_0hr_pH7_W19.JPG,7,19,0,train
Preprocessed_Data/24 hr/pH7 Hydrolytic/cropped_24hr_pH7_W19.JPG,7,19,24,train
Preprocessed_Data/30 hr/pH7 Hydrolytic/cropped_30hr_pH7_W19.JPG,7,19,30,train
Preprocessed_Data/48 hr/pH7 Hydrolytic/cropped_48hr_pH7_W19.JPG,7,19,48,train
Preprocessed_Data/72 hr/pH7 Hydrolytic/cropped_72hr_pH7_W19.JPG,7,19,72,train
Preprocessed_Data/95 hr/pH7 Hydrolytic/cropped_95hr_pH7_W19.JPG,7,19,95,train
Preprocessed_Data/120 hr/pH7 Hydrolytic/cropped_120hr_pH7_W19.JPG,7,19,120,train
Preprocessed_Data/168 hr/pH7 Hydrolytic/cropped_168hr_pH7_W19.JPG,7,19,168,train
Preprocessed_Data/192 hr/pH7 Hydrolytic/cropped_192hr_pH7_W19.JPG,7,19,192,train
Preprocessed_Data/216 hr/pH7 Hydrolytic/cropped_216hr_pH7_W19.JPG,7,19,216,train
Preprocessed_Data/264 hr/pH7 Hydrolytic/cropped_264hr_pH7_W19.JPG,7,19,264,train
Preprocessed_Data/0 hr/pH7 Hydrolytic/cropped_0hr_pH7_W20.JPG,7,20,0,train
Preprocessed_Data/24 hr/pH7 Hydrolytic/cropped_24hr_pH7_W20.JPG,7,20,24,train
Preprocessed_Data/30 hr/pH7 Hydrolytic/cropped_30hr_pH7_W20.JPG,7,20,30,train
Preprocessed_Data/48 hr/pH7 Hydrolytic/cropped_48hr_pH7_W20.JPG,7,20,48,train
Preprocessed_Data/72 hr/pH7 Hydrolytic/cropped_72hr_pH7_W20.JPG,7,20,72,train
Preprocessed_Data/95 hr/pH7 Hydrolytic/cropped_95hr_pH7_W20.JPG,7,20,95,train
Preprocessed_Data/120 hr/pH7 Hydrolytic/cropped_120hr_pH7_W20.JPG,7,20,120,train
Preprocessed_Data/168 hr/pH7 Hydrolytic/cropped_168hr_pH7_W20.JPG,7,20,168,train
Preprocessed_Data/192 hr/pH7 Hydrolytic/cropped_192hr_pH7_W20.JPG,7,20,192,train
Preprocessed_Data/216 hr/pH7 Hydrolytic/cropped_216hr_pH7_W20.JPG,7,20,216,train
Preprocessed_Data/264 hr/pH7 Hydrolytic/cropped_264hr_pH7_W20.JPG,7,20,264,train
Preprocessed_Data/0 hr/pH7 Hydrolytic/cropped_0hr_pH7_W22.JPG,7,22,0,train
Preprocessed_Data/24 hr/pH7 Hydrolytic/cropped_24hr_pH7_W22.JPG,7,22,24,train
Preprocessed_Data/30 hr/pH7 Hydrolytic/cropped_30hr_pH7_W22.JPG,7,22,30,train
Preprocessed_Data/48 hr/pH7 Hydrolytic/cropped_48hr_pH7_W22.JPG,7,22,48,train
Preprocessed_Data/72 hr/pH7 Hydrolytic/cropped_72hr_pH7_W22.JPG,7,22,72,train
Preprocessed_Data/95 hr/pH7 Hydrolytic/cropped_95hr_pH7_W22.JPG,7,22,95,train
Preprocessed_Data/120 hr/pH7 Hydrolytic/cropped_120hr_pH7_W22.JPG,7,22,120,train
Preprocessed_Data/168 hr/pH7 Hydrolytic/cropped_168hr_pH7_W22.JPG,7,22,168,train
Preprocessed_Data/192 hr/pH7 Hydrolytic/cropped_192hr_pH7_W22.JPG,7,22,192,train
Preprocessed_Data/216 hr/pH7 Hydrolytic/cropped_216hr_pH7_W22.JPG,7,22,216,train
Preprocessed_Data/264 hr/pH7 Hydrolytic/cropped_264hr_pH7_W22.JPG,7,22,264,train
Preprocessed_Data/0 hr/pH7 Hydrolytic/cropped_0hr_pH7_W23.JPG,7,23,0,train
Preprocessed_Data/24 hr/pH7 Hydrolytic/cropped_24hr_pH7_W23.JPG,7,23,24,train
Preprocessed_Data/30 hr/pH7 Hydrolytic/cropped_30hr_pH7_W23.JPG,7,23,30,train
Preprocessed_Data/48 hr/pH7 Hydrolytic/cropped_48hr_pH7_W23.JPG,7,23,48,train
Preprocessed_Data/72 hr/pH7 Hydrolytic/cropped_72hr_pH7_W23.JPG,7,23,72,train
Preprocessed_Data/95 hr/pH7 Hydrolytic/cropped_95hr_pH7_W23.JPG,7,23,95,train
Preprocessed_Data/120 hr/pH7 Hydrolytic/cropped_120hr_pH7_W23.JPG,7,23,120,train
Preprocessed_Data/168 hr/pH7 Hydrolytic/cropped_168hr_pH7_W23.JPG,7,23,168,train
Preprocessed_Data/192 hr/pH7 Hydrolytic/cropped_192hr_pH7_W23.JPG,7,23,192,train
Preprocessed_Data/216 hr/pH7 Hydrolytic/cropped_216hr_pH7_W23.JPG,7,23,216,train
Preprocessed_Data/0 hr/pH7 Hydrolytic/cropped_0hr_pH7_W24.JPG,7,24,0,train
Preprocessed_Data/24 hr/pH7 Hydrolytic/cropped_24hr_pH7_W24.JPG,7,24,24,train
Preprocessed_Data/30 hr/pH7 Hydrolytic/cropped_30hr_pH7_W24.JPG,7,24,30,train
Preprocessed_Data/48 hr/pH7 Hydrolytic/cropped_48hr_pH7_W24.JPG,7,24,48,train
Preprocessed_Data/72 hr/pH7 Hydrolytic/cropped_72hr_pH7_W24.JPG,7,24,72,train
Preprocessed_Data/95 hr/pH7 Hydrolytic/cropped_95hr_pH7_W24.JPG,7,24,95,train
Preprocessed_Data/120 hr/pH7 Hydrolytic/cropped_120hr_pH7_W24.JPG,7,24,120,train
Preprocessed_Data/168 hr/pH7 Hydrolytic/cropped_168hr_pH7_W24.JPG,7,24,168,train
Preprocessed_Data/192 hr/pH7 Hydrolytic/cropped_192hr_pH7_W24.JPG,7,24,192,train
Preprocessed_Data/216 hr/pH7 Hydrolytic/cropped_216hr_pH7_W24.JPG,7,24,216,train
Preprocessed_Data/264 hr/pH7 Hydrolytic/cropped_264hr_pH7_W24.JPG,7,24,264,train
Preprocessed_Data/0 hr/pH7 Hydrolytic/cropped_0hr_pH7_W25.JPG,7,25,0,train
Preprocessed_Data/24 hr/pH7 Hydrolytic/cropped_24hr_pH7_W25.JPG,7,25,24,train
Preprocessed_Data/30 hr/pH7 Hydrolytic/cropped_30hr_pH7_W25.JPG,7,25,30,train
Preprocessed_Data/48 hr/pH7 Hydrolytic/cropped_48hr_pH7_W25.JPG,7,25,48,train
Preprocessed_Data/72 hr/pH7 Hydrolytic/cropped_72hr_pH7_W25.JPG,7,25,72,train
Preprocessed_Data/95 hr/pH7 Hydrolytic/cropped_95hr_pH7_W25.JPG,7,25,95,train
Preprocessed_Data/120 hr/pH7 Hydrolytic/cropped_120hr_pH7_W25.JPG,7,25,120,train
Preprocessed_Data/168 hr/pH7 Hydrolytic/cropped_168hr_pH7_W25.JPG,7,25,168,train
Preprocessed_Data/192 hr/pH7 Hydrolytic/cropped_192hr_pH7_W25.JPG,7,25,192,train
Preprocessed_Data/216 hr/pH7 Hydrolytic/cropped_216hr_pH7_W25.JPG,7,25,216,train
Preprocessed_Data/264 hr/pH7 Hydrolytic/cropped_264hr_pH7_W25.JPG,7,25,264,train
Preprocessed_Data/0 hr/pH7 Hydrolytic/cropped_0hr_pH7_W27.JPG,7,27,0,train
Preprocessed_Data/24 hr/pH7 Hydrolytic/cropped_24hr_pH7_W27.JPG,7,27,24,train
Preprocessed_Data/30 hr/pH7 Hydrolytic/cropped_30hr_pH7_W27.JPG,7,27,30,train
Preprocessed_Data/48 hr/pH7 Hydrolytic/cropped_48hr_pH7_W27.JPG,7,27,48,train
Preprocessed_Data/72 hr/pH7 Hydrolytic/cropped_72hr_pH7_W27.JPG,7,27,72,train
Preprocessed_Data/95 hr/pH7 Hydrolytic/cropped_95hr_pH7_W27.JPG,7,27,95,train
Preprocessed_Data/120 hr/pH7 Hydrolytic/cropped_120hr_pH7_W27.JPG,7,27,120,train
Preprocessed_Data/168 hr/pH7 Hydrolytic/cropped_168hr_pH7_W27.JPG,7,27,168,train
Preprocessed_Data/192 hr/pH7 Hydrolytic/cropped_192hr_pH7_W27.JPG,7,27,192,train
Preprocessed_Data/216 hr/pH7 Hydrolytic/cropped_216hr_pH7_W27.JPG,7,27,216,train
Preprocessed_Data/264 hr/pH7 Hydrolytic/cropped_264hr_pH7_W27.JPG,7,27,264,train
Preprocessed_Data/0 hr/pH7 Hydrolytic/cropped_0hr_pH7_W29.JPG,7,29,0,train
Preprocessed_Data/24 hr/pH7 Hydrolytic/cropped_24hr_pH7_W29.JPG,7,29,24,train
Preprocessed_Data/30 hr/pH7 Hydrolytic/cropped_30hr_pH7_W29.JPG,7,29,30,train
Preprocessed_Data/48 hr/pH7 Hydrolytic/cropped_48hr_pH7_W29.JPG,7,29,48,train
Preprocessed_Data/72 hr/pH7 Hydrolytic/cropped_72hr_pH7_W29.JPG,7,29,72,train
Preprocessed_Data/95 hr/pH7 Hydrolytic/cropped_95hr_pH7_W29.JPG,7,29,95,train
Preprocessed_Data/120 hr/pH7 Hydrolytic/cropped_120hr_pH7_W29.JPG,7,29,120,train
Preprocessed_Data/168 hr/pH7 Hydrolytic/cropped_168hr_pH7_W29.JPG,7,29,168,train
Preprocessed_Data/192 hr/pH7 Hydrolytic/cropped_192hr_pH7_W29.JPG,7,29,192,train
Preprocessed_Data/216 hr/pH7 Hydrolytic/cropped_216hr_pH7_W29.JPG,7,29,216,train
Preprocessed_Data/264 hr/pH7 Hydrolytic/cropped_264hr_pH7_W29.JPG,7,29,264,train
Preprocessed_Data/0 hr/pH7 Hydrolytic/cropped_0hr_pH7_W31.JPG,7,31,0,train
Preprocessed_Data/24 hr/pH7 Hydrolytic/cropped_24hr_pH7_W31.JPG,7,31,24,train
Preprocessed_Data/30 hr/pH7 Hydrolytic/cropped_30hr_pH7_W31.JPG,7,31,30,train
Preprocessed_Data/48 hr/pH7 Hydrolytic/cropped_48hr_pH7_W31.JPG,7,31,48,train
Preprocessed_Data/72 hr/pH7 Hydrolytic/cropped_72hr_pH7_W31.JPG,7,31,72,train
Preprocessed_Data/95 hr/pH7 Hydrolytic/cropped_95hr_pH7_W31.JPG,7,31,95,train
Preprocessed_Data/120 hr/pH7 Hydrolytic/cropped_120hr_pH7_W31.JPG,7,31,120,train
Preprocessed_Data/168 hr/pH7 Hydrolytic/cropped_168hr_pH7_W31.JPG,7,31,168,train
Preprocessed_Data/192 hr/pH7 Hydrolytic/cropped_192hr_pH7_W31.JPG,7,31,192,train
Preprocessed_Data/216 hr/pH7 Hydrolytic/cropped_216hr_pH7_W31.JPG,7,31,216,train
Preprocessed_Data/264 hr/pH7 Hydrolytic/cropped_264hr_pH7_W31.JPG,7,31,264,train
Preprocessed_Data/0 hr/pH7 Hydrolytic/cropped_0hr_pH7_W33.JPG,7,33,0,train
Preprocessed_Data/24 hr/pH7 Hydrolytic/cropped_24hr_pH7_W33.JPG,7,33,24,train
Preprocessed_Data/30 hr/pH7 Hydrolytic/cropped_30hr_pH7_W33.JPG,7,33,30,train
Preprocessed_Data/48 hr/pH7 Hydrolytic/cropped_48hr_pH7_W33.JPG,7,33,48,train
Preprocessed_Data/72 hr/pH7 Hydrolytic/cropped_72hr_pH7_W33.JPG,7,33,72,train
Preprocessed_Data/95 hr/pH7 Hydrolytic/cropped_95hr_pH7_W33.JPG,7,33,95,train
Preprocessed_Data/120 hr/pH7 Hydrolytic/cropped_120hr_pH7_W33.JPG,7,33,120,train
Preprocessed_Data/192 hr/pH7 Hydrolytic/cropped_192hr_pH7_W33.JPG,7,33,192,train
Preprocessed_Data/216 hr/pH7 Hydrolytic/cropped_216hr_pH7_W33.JPG,7,33,216,train
Preprocessed_Data/264 hr/pH7 Hydrolytic/cropped_264hr_pH7_W33.JPG,7,33,264,train
Preprocessed_Data/0 hr/pH7 Hydrolytic/cropped_0hr_pH7_W34.JPG,7,34,0,train
Preprocessed_Data/24 hr/pH7 Hydrolytic/cropped_24hr_pH7_W34.JPG,7,34,24,train
Preprocessed_Data/30 hr/pH7 Hydrolytic/cropped_30hr_pH7_W34.JPG,7,34,30,train
Preprocessed_Data/48 hr/pH7 Hydrolytic/cropped_48hr_pH7_W34.JPG,7,34,48,train
Preprocessed_Data/72 hr/pH7 Hydrolytic/cropped_72hr_pH7_W34.JPG,7,34,72,train
Preprocessed_Data/95 hr/pH7 Hydrolytic/cropped_95hr_pH7_W34.JPG,7,34,95,train
Preprocessed_Data/120 hr/pH7 Hydrolytic/cropped_120hr_pH7_W34.JPG,7,34,120,train
Preprocessed_Data/168 hr/pH7 Hydrolytic/cropped_168hr_pH7_W34.JPG,7,34,168,train
Preprocessed_Data/192 hr/pH7 Hydrolytic/cropped_192hr_pH7_W34.JPG,7,34,192,train
Preprocessed_Data/216 hr/pH7 Hydrolytic/cropped_216hr_pH7_W34.JPG,7,34,216,train
Preprocessed_Data/264 hr/pH7 Hydrolytic/cropped_264hr_pH7_W34.JPG,7,34,264,train
Preprocessed_Data/0 hr/pH7 Hydrolytic/cropped_0hr_pH7_W35.JPG,7,35,0,train
Preprocessed_Data/24 hr/pH7 Hydrolytic/cropped_24hr_pH7_W35.JPG,7,35,24,train
Preprocessed_Data/30 hr/pH7 Hydrolytic/cropped_30hr_pH7_W35.jpg,7,35,30,train
Preprocessed_Data/48 hr/pH7 Hydrolytic/cropped_48hr_pH7_W35.JPG,7,35,48,train
Preprocessed_Data/72 hr/pH7 Hydrolytic/cropped_72hr_pH7_W35.JPG,7,35,72,train
Preprocessed_Data/95 hr/pH7 Hydrolytic/cropped_95hr_pH7_W35.JPG,7,35,95,train
Preprocessed_Data/120 hr/pH7 Hydrolytic/cropped_120hr_pH7_W35.JPG,7,35,120,train
Preprocessed_Data/168 hr/pH7 Hydrolytic/cropped_168hr_pH7_W35.JPG,7,35,168,train
Preprocessed_Data/192 hr/pH7 Hydrolytic/cropped_192hr_pH7_W35.JPG,7,35,192,train
Preprocessed_Data/216 hr/pH7 Hydrolytic/cropped_216hr_pH7_W35.JPG,7,35,216,train
Preprocessed_Data/264 hr/pH7 Hydrolytic/cropped_264hr_pH7_W35.JPG,7,35,264,train
Preprocessed_Data/24 hr/pH7 Hydrolytic/cropped_24hr_pH7_W36.JPG,7,36,24,train
Preprocessed_Data/30 hr/pH7 Hydrolytic/cropped_30hr_pH7_W36.JPG,7,36,30,train
Preprocessed_Data/48 hr/pH7 Hydrolytic/cropped_48hr_pH7_W36.JPG,7,36,48,train
Preprocessed_Data/72 hr/pH7 Hydrolytic/cropped_72hr_pH7_W36.JPG,7,36,72,train
Preprocessed_Data/95 hr/pH7 Hydrolytic/cropped_95hr_pH7_W36.JPG,7,36,95,train
Preprocessed_Data/120 hr/pH7 Hydrolytic/cropped_120hr_pH7_W36.JPG,7,36,120,train
Preprocessed_Data/168 hr/pH7 Hydrolytic/cropped_168hr_pH7_W36.JPG,7,36,168,train
Preprocessed_Data/192 hr/pH7 Hydrolytic/cropped_192hr_pH7_W36.JPG,7,36,192,train
Preprocessed_Data/216 hr/pH7 Hydrolytic/cropped_216hr_pH7_W36.JPG,7,36,216,train
Preprocessed_Data/264 hr/pH7 Hydrolytic/cropped_264hr_pH7_W36.JPG,7,36,264,train
Preprocessed_Data/0 hr/pH7 Hydrolytic/cropped_0hr_pH7_W38.JPG,7,38,0,train
Preprocessed_Data/24 hr/pH7 Hydrolytic/cropped_24hr_pH7_W38.JPG,7,38,24,train
Preprocessed_Data/30 hr/pH7 Hydrolytic/cropped_30hr_pH7_W38.JPG,7,38,30,train
Preprocessed_Data/48 hr/pH7 Hydrolytic/cropped_48hr_pH7_W38.JPG,7,38,48,train
Preprocessed_Data/72 hr/pH7 Hydrolytic/cropped_72hr_pH7_W38.JPG,7,38,72,train
Preprocessed_Data/95 hr/pH7 Hydrolytic/cropped_95hr_pH7_W38.JPG,7,38,95,train
Preprocessed_Data/120 hr/pH7 Hydrolytic/cropped_120hr_pH7_W38.JPG,7,38,120,train
Preprocessed_Data/168 hr/pH7 Hydrolytic/cropped_168hr_pH7_W38.JPG,7,38,168,train
Preprocessed_Data/192 hr/pH7 Hydrolytic/cropped_192hr_pH7_W38.JPG,7,38,192,train
Preprocessed_Data/216 hr/pH7 Hydrolytic/cropped_216hr_pH7_W38.JPG,7,38,216,train
Preprocessed_Data/264 hr/pH7 Hydrolytic/cropped_264hr_pH7_W38.JPG,7,38,264,train
Preprocessed_Data/0 hr/pH7 Hydrolytic/cropped_0hr_pH7_W39.JPG,7,39,0,train
Preprocessed_Data/24 hr/pH7 Hydrolytic/cropped_24hr_pH7_W39.JPG,7,39,24,train
Preprocessed_Data/30 hr/pH7 Hydrolytic/cropped_30hr_pH7_W39.JPG,7,39,30,train
Preprocessed_Data/48 hr/pH7 Hydrolytic/cropped_48hr_pH7_W39.JPG,7,39,48,train
Preprocessed_Data/72 hr/pH7 Hydrolytic/cropped_72hr_pH7_W39.JPG,7,39,72,train
Preprocessed_Data/95 hr/pH7 Hydrolytic/cropped_95hr_pH7_W39.JPG,7,39,95,train
Preprocessed_Data/120 hr/pH7 Hydrolytic/cropped_120hr_pH7_W39.JPG,7,39,120,train
Preprocessed_Data/168 hr/pH7 Hydrolytic/cropped_168hr_pH7_W39.JPG,7,39,168,train
Preprocessed_Data/192 hr/pH7 Hydrolytic/cropped_192hr_pH7_W39.JPG,7,39,192,train
Preprocessed_Data/216 hr/pH7 Hydrolytic/cropped_216hr_pH7_W39.JPG,7,39,216,train
Preprocessed_Data/264 hr/pH7 Hydrolytic/cropped_264hr_pH7_W39.JPG,7,39,264,train
Preprocessed_Data/0 hr/pH7 Hydrolytic/cropped_0hr_pH7_W41.JPG,7,41,0,train
Preprocessed_Data/24 hr/pH7 Hydrolytic/cropped_24hr_pH7_W41.JPG,7,41,24,train
Preprocessed_Data/30 hr/pH7 Hydrolytic/cropped_30hr_pH7_W41.JPG,7,41,30,train
Preprocessed_Data/48 hr/pH7 Hydrolytic/cropped_48hr_pH7_W41.JPG,7,41,48,train
Preprocessed_Data/72 hr/pH7 Hydrolytic/cropped_72hr_pH7_W41.JPG,7,41,72,train
Preprocessed_Data/95 hr/pH7 Hydrolytic/cropped_95hr_pH7_W41.JPG,7,41,95,train
Preprocessed_Data/120 hr/pH7 Hydrolytic/cropped_120hr_pH7_W41.JPG,7,41,120,train
Preprocessed_Data/168 hr/pH7 Hydrolytic/cropped_168hr_pH7_W41.JPG,7,41,168,train
Preprocessed_Data/192 hr/pH7 Hydrolytic/cropped_192hr_pH7_W41.JPG,7,41,192,train
Preprocessed_Data/216 hr/pH7 Hydrolytic/cropped_216hr_pH7_W41.JPG,7,41,216,train
Preprocessed_Data/264 hr/pH7 Hydrolytic/cropped_264hr_pH7_W41.JPG,7,41,264,train
Preprocessed_Data/0 hr/pH7 Hydrolytic/cropped_0hr_pH7_W42.JPG,7,42,0,train
Preprocessed_Data/24 hr/pH7 Hydrolytic/cropped_24hr_pH7_W42.JPG,7,42,24,train
Preprocessed_Data/30 hr/pH7 Hydrolytic/cropped_30hr_pH7_W42.jpg,7,42,30,train
Preprocessed_Data/48 hr/pH7 Hydrolytic/cropped_48hr_pH7_W42.JPG,7,42,48,train
Preprocessed_Data/72 hr/pH7 Hydrolytic/cropped_72hr_pH7_W42.JPG,7,42,72,train
Preprocessed_Data/95 hr/pH7 Hydrolytic/cropped_95hr_pH7_W42.JPG,7,42,95,train
Preprocessed_Data/120 hr/pH7 Hydrolytic/cropped_120hr_pH7_W42.JPG,7,42,120,train
Preprocessed_Data/168 hr/pH7 Hydrolytic/cropped_168hr_pH7_W42.JPG,7,42,168,train
Preprocessed_Data/192 hr/pH7 Hydrolytic/cropped_192hr_pH7_W42.JPG,7,42,192,train
Preprocessed_Data/216 hr/pH7 Hydrolytic/cropped_216hr_pH7_W42.JPG,7,42,216,train
Preprocessed_Data/264 hr/pH7 Hydrolytic/cropped_264hr_pH7_W42.JPG,7,42,264,train
Preprocessed_Data/0 hr/pH7 Hydrolytic/cropped_0hr_pH7_W43.JPG,7,43,0,train
Preprocessed_Data/24 hr/pH7 Hydrolytic/cropped_24hr_pH7_W43.JPG,7,43,24,train
Preprocessed_Data/30 hr/pH7 Hydrolytic/cropped_30hr_pH7_W43.JPG,7,43,30,train
Preprocessed_Data/48 hr/pH7 Hydrolytic/cropped_48hr_pH7_W43.JPG,7,43,48,train
Preprocessed_Data/72 hr/pH7 Hydrolytic/cropped_72hr_pH7_W43.JPG,7,43,72,train
Preprocessed_Data/95 hr/pH7 Hydrolytic/cropped_95hr_pH7_W43.JPG,7,43,95,train
Preprocessed_Data/120 hr/pH7 Hydrolytic/cropped_120hr_pH7_W43.JPG,7,43,120,train
Preprocessed_Data/168 hr/pH7 Hydrolytic/cropped_168hr_pH7_W43.JPG,7,43,168,train
Preprocessed_Data/192 hr/pH7 Hydrolytic/cropped_192hr_pH7_W43.JPG,7,43,192,train
Preprocessed_Data/216 hr/pH7 Hydrolytic/cropped_216hr_pH7_W43.JPG,7,43,216,train
Preprocessed_Data/264 hr/pH7 Hydrolytic/cropped_264hr_pH7_W43.JPG,7,43,264,train
Preprocessed_Data/0 hr/pH7 Hydrolytic/cropped_0hr_pH7_W46.JPG,7,46,0,train
Preprocessed_Data/24 hr/pH7 Hydrolytic/cropped_24hr_pH7_W46.JPG,7,46,24,train
Preprocessed_Data/30 hr/pH7 Hydrolytic/cropped_30hr_pH7_W46.JPG,7,46,30,train
Preprocessed_Data/48 hr/pH7 Hydrolytic/cropped_48hr_pH7_W46.JPG,7,46,48,train
Preprocessed_Data/72 hr/pH7 Hydrolytic/cropped_72hr_pH7_W46.JPG,7,46,72,train
Preprocessed_Data/95 hr/pH7 Hydrolytic/cropped_95hr_pH7_W46.JPG,7,46,95,train
Preprocessed_Data/120 hr/pH7 Hydrolytic/cropped_120hr_pH7_W46.JPG,7,46,120,train
Preprocessed_Data/168 hr/pH7 Hydrolytic/cropped_168hr_pH7_W46.JPG,7,46,168,train
Preprocessed_Data/192 hr/pH7 Hydrolytic/cropped_192hr_pH7_W46.JPG,7,46,192,train
Preprocessed_Data/216 hr/pH7 Hydrolytic/cropped_216hr_pH7_W46.JPG,7,46,216,train
Preprocessed_Data/264 hr/pH7 Hydrolytic/cropped_264hr_pH7_W46.JPG,7,46,264,train
Preprocessed_Data/0 hr/pH7 Hydrolytic/cropped_0hr_pH7_W47.JPG,7,47,0,train
Preprocessed_Data/24 hr/pH7 Hydrolytic/cropped_24hr_pH7_W47.JPG,7,47,24,train
Preprocessed_Data/30 hr/pH7 Hydrolytic/cropped_30hr_pH7_W47.JPG,7,47,30,train
Preprocessed_Data/48 hr/pH7 Hydrolytic/cropped_48hr_pH7_W47.JPG,7,47,48,train
Preprocessed_Data/72 hr/pH7 Hydrolytic/cropped_72hr_pH7_W47.JPG,7,47,72,train
Preprocessed_Data/95 hr/pH7 Hydrolytic/cropped_95hr_pH7_W47.JPG,7,47,95,train
Preprocessed_Data/120 hr/pH7 Hydrolytic/cropped_120hr_pH7_W47.JPG,7,47,120,train
Preprocessed_Data/168 hr/pH7 Hydrolytic/cropped_168hr_pH7_W47.JPG,7,47,168,train
Preprocessed_Data/192 hr/pH7 Hydrolytic/cropped_192hr_pH7_W47.JPG,7,47,192,train
Preprocessed_Data/216 hr/pH7 Hydrolytic/cropped_216hr_pH7_W47.JPG,7,47,216,train
Preprocessed_Data/264 hr/pH7 Hydrolytic/cropped_264hr_pH7_W47.JPG,7,47,264,train
Preprocessed_Data/0 hr/pH8 Hydrolytic/cropped_0hr_pH8_W2.JPG,8,2,0,train
Preprocessed_Data/24 hr/pH8 Hydrolytic/cropped_24hr_pH8_W2.JPG,8,2,24,train
Preprocessed_Data/30 hr/pH8 Hydrolytic/cropped_30hr_pH8_W2.JPG,8,2,30,train
Preprocessed_Data/48 hr/pH8 Hydrolytic/cropped_48hr_pH8_W2.JPG,8,2,48,train
Preprocessed_Data/72 hr/pH8 Hydrolytic/cropped_72hr_pH8_W2.JPG,8,2,72,train
Preprocessed_Data/95 hr/pH8 Hydrolytic/cropped_95hr_pH8_W2.JPG,8,2,95,train
Preprocessed_Data/120 hr/pH8 Hydrolytic/cropped_120hr_pH8_W2.JPG,8,2,120,train
Preprocessed_Data/168 hr/pH8 Hydrolytic/cropped_168hr_pH8_W2.JPG,8,2,168,train
Preprocessed_Data/192 hr/pH8 Hydrolytic/cropped_192hr_pH8_W2.JPG,8,2,192,train
Preprocessed_Data/216 hr/pH8 Hydrolytic/cropped_216hr_pH8_W2.JPG,8,2,216,train
Preprocessed_Data/0 hr/pH8 Hydrolytic/cropped_0hr_pH8_W3.JPG,8,3,0,train
Preprocessed_Data/24 hr/pH8 Hydrolytic/cropped_24hr_pH8_W3.JPG,8,3,24,train
Preprocessed_Data/30 hr/pH8 Hydrolytic/cropped_30hr_pH8_W3.JPG,8,3,30,train
Preprocessed_Data/48 hr/pH8 Hydrolytic/cropped_48hr_pH8_W3.JPG,8,3,48,train
Preprocessed_Data/72 hr/pH8 Hydrolytic/cropped_72hr_pH8_W3.JPG,8,3,72,train
Preprocessed_Data/95 hr/pH8 Hydrolytic/cropped_95hr_pH8_W3.JPG,8,3,95,train
Preprocessed_Data/120 hr/pH8 Hydrolytic/cropped_120hr_pH8_W3.JPG,8,3,120,train
Preprocessed_Data/168 hr/pH8 Hydrolytic/cropped_168hr_pH8_W3.JPG,8,3,168,train
Preprocessed_Data/192 hr/pH8 Hydrolytic/cropped_192hr_pH8_W3.JPG,8,3,192,train
Preprocessed_Data/216 hr/pH8 Hydrolytic/cropped_216hr_pH8_W3.JPG,8,3,216,train
Preprocessed_Data/264 hr/pH8 Hydrolytic/cropped_264hr_pH8_W3.JPG,8,3,264,train
Preprocessed_Data/0 hr/pH8 Hydrolytic/cropped_0hr_pH8_W4.JPG,8,4,0,train
Preprocessed_Data/24 hr/pH8 Hydrolytic/cropped_24hr_pH8_W4.JPG,8,4,24,train
Preprocessed_Data/30 hr/pH8 Hydrolytic/cropped_30hr_pH8_W4.JPG,8,4,30,train
Preprocessed_Data/48 hr/pH8 Hydrolytic/cropped_48hr_pH8_W4.JPG,8,4,48,train
Preprocessed_Data/72 hr/pH8 Hydrolytic/cropped_72hr_pH8_W4.JPG,8,4,72,train
Preprocessed_Data/95 hr/pH8 Hydrolytic/cropped_95hr_pH8_W4.JPG,8,4,95,train
Preprocessed_Data/120 hr/pH8 Hydrolytic/cropped_120hr_pH8_W4.JPG,8,4,120,train
Preprocessed_Data/168 hr/pH8 Hydrolytic/cropped_168hr_pH8_W4.JPG,8,4,168,train
Preprocessed_Data/192 hr/pH8 Hydrolytic/cropped_192hr_pH8_W4.JPG,8,4,192,train
Preprocessed_Data/216 hr/pH8 Hydrolytic/cropped_216hr_pH8_W4.JPG,8,4,216,train
Preprocessed_Data/264 hr/pH8 Hydrolytic/cropped_264hr_pH8_W4.JPG,8,4,264,train
Preprocessed_Data/0 hr/pH8 Hydrolytic/cropped_0hr_pH8_W5.JPG,8,5,0,train
Preprocessed_Data/24 hr/pH8 Hydrolytic/cropped_24hr_pH8_W5.JPG,8,5,24,train
Preprocessed_Data/30 hr/pH8 Hydrolytic/cropped_30hr_pH8_W5.JPG,8,5,30,train
Preprocessed_Data/48 hr/pH8 Hydrolytic/cropped_48hr_pH8_W5.JPG,8,5,48,train
Preprocessed_Data/72 hr/pH8 Hydrolytic/cropped_72hr_pH8_W5.JPG,8,5,72,train
Preprocessed_Data/95 hr/pH8 Hydrolytic/cropped_95hr_pH8_W5.JPG,8,5,95,train
Preprocessed_Data/120 hr/pH8 Hydrolytic/cropped_120hr_pH8_W5.JPG,8,5,120,train
Preprocessed_Data/168 hr/pH8 Hydrolytic/cropped_168hr_pH8_W5.JPG,8,5,168,train
Preprocessed_Data/192 hr/pH8 Hydrolytic/cropped_192hr_pH8_W5.JPG,8,5,192,train
Preprocessed_Data/216 hr/pH8 Hydrolytic/cropped_216hr_pH8_W5.JPG,8,5,216,train
Preprocessed_Data/264 hr/pH8 Hydrolytic/cropped_264hr_pH8_W5.JPG,8,5,264,train
Preprocessed_Data/0 hr/pH8 Hydrolytic/cropped_0hr_pH8_W6.JPG,8,6,0,train
Preprocessed_Data/24 hr/pH8 Hydrolytic/cropped_24hr_pH8_W6.JPG,8,6,24,train
Preprocessed_Data/30 hr/pH8 Hydrolytic/cropped_30hr_pH8_W6.JPG,8,6,30,train
Preprocessed_Data/48 hr/pH8 Hydrolytic/cropped_48hr_pH8_W6.JPG,8,6,48,train
Preprocessed_Data/72 hr/pH8 Hydrolytic/cropped_72hr_pH8_W6.JPG,8,6,72,train
Preprocessed_Data/95 hr/pH8 Hydrolytic/cropped_95hr_pH8_W6.JPG,8,6,95,train
Preprocessed_Data/120 hr/pH8 Hydrolytic/cropped_120hr_pH8_W6.JPG,8,6,120,train
Preprocessed_Data/168 hr/pH8 Hydrolytic/cropped_168hr_pH8_W6.JPG,8,6,168,train
Preprocessed_Data/192 hr/pH8 Hydrolytic/cropped_192hr_pH8_W6.JPG,8,6,192,train
Preprocessed_Data/216 hr/pH8 Hydrolytic/cropped_216hr_pH8_W6.JPG,8,6,216,train
Preprocessed_Data/264 hr/pH8 Hydrolytic/cropped_264hr_pH8_W6.JPG,8,6,264,train
Preprocessed_Data/0 hr/pH8 Hydrolytic/cropped_0hr_pH8_W8.JPG,8,8,0,train
Preprocessed_Data/24 hr/pH8 Hydrolytic/cropped_24hr_pH8_W8.JPG,8,8,24,train
Preprocessed_Data/30 hr/pH8 Hydrolytic/cropped_30hr_pH8_W8.JPG,8,8,30,train
Preprocessed_Data/48 hr/pH8 Hydrolytic/cropped_48hr_pH8_W8.JPG,8,8,48,train
Preprocessed_Data/72 hr/pH8 Hydrolytic/cropped_72hr_pH8_W8.JPG,8,8,72,train
Preprocessed_Data/95 hr/pH8 Hydrolytic/cropped_95hr_pH8_W8.JPG,8,8,95,train
Preprocessed_Data/120 hr/pH8 Hydrolytic/cropped_120hr_pH8_W8.JPG,8,8,120,train
Preprocessed_Data/168 hr/pH8 Hydrolytic/cropped_168hr_pH8_W8.JPG,8,8,168,train
Preprocessed_Data/192 hr/pH8 Hydrolytic/cropped_192hr_pH8_W8.JPG,8,8,192,train
Preprocessed_Data/216 hr/pH8 Hydrolytic/cropped_216hr_pH8_W8.JPG,8,8,216,train
Preprocessed_Data/264 hr/pH8 Hydrolytic/cropped_264hr_pH8_W8.JPG,8,8,264,train
Preprocessed_Data/0 hr/pH8 Hydrolytic/cropped_0hr_pH8_W9.JPG,8,9,0,train
Preprocessed_Data/24 hr/pH8 Hydrolytic/cropped_24hr_pH8_W9.JPG,8,9,24,train
Preprocessed_Data/30 hr/pH8 Hydrolytic/cropped_30hr_pH8_W9.JPG,8,9,30,train
Preprocessed_Data/48 hr/pH8 Hydrolytic/cropped_48hr_pH8_W9.JPG,8,9,48,train
Preprocessed_Data/72 hr/pH8 Hydrolytic/cropped_72hr_pH8_W9.JPG,8,9,72,train
Preprocessed_Data/95 hr/pH8 Hydrolytic/cropped_95hr_pH8_W9.JPG,8,9,95,train
Preprocessed_Data/120 hr/pH8 Hydrolytic/cropped_120hr_pH8_W9.JPG,8,9,120,train
Preprocessed_Data/168 hr/pH8 Hydrolytic/cropped_168hr_pH8_W9.JPG,8,9,168,train
Preprocessed_Data/192 hr/pH8 Hydrolytic/cropped_192hr_pH8_W9.JPG,8,9,192,train
Preprocessed_Data/216 hr/pH8 Hydrolytic/cropped_216hr_pH8_W9.JPG,8,9,216,train
Preprocessed_Data/264 hr/pH8 Hydrolytic/cropped_264hr_pH8_W9.JPG,8,9,264,train
Preprocessed_Data/0 hr/pH8 Hydrolytic/cropped_0hr_pH8_W14.JPG,8,14,0,train
Preprocessed_Data/24 hr/pH8 Hydrolytic/cropped_24hr_pH8_W14.JPG,8,14,24,train
Preprocessed_Data/30 hr/pH8 Hydrolytic/cropped_30hr_pH8_W14.JPG,8,14,30,train
Preprocessed_Data/48 hr/pH8 Hydrolytic/cropped_48hr_pH8_W14.JPG,8,14,48,train
Preprocessed_Data/72 hr/pH8 Hydrolytic/cropped_72hr_pH8_W14.JPG,8,14,72,train
Preprocessed_Data/95 hr/pH8 Hydrolytic/cropped_95hr_pH8_W14.JPG,8,14,95,train
Preprocessed_Data/120 hr/pH8 Hydrolytic/cropped_120hr_pH8_W14.JPG,8,14,120,train
Preprocessed_Data/168 hr/pH8 Hydrolytic/cropped_168hr_pH8_W14.JPG,8,14,168,train
Preprocessed_Data/192 hr/pH8 Hydrolytic/cropped_192hr_pH8_W14.JPG,8,14,192,train
Preprocessed_Data/216 hr/pH8 Hydrolytic/cropped_216hr_pH8_W14.JPG,8,14,216,train
Preprocessed_Data/0 hr/pH8 Hydrolytic/cropped_0hr_pH8_W15.JPG,8,15,0,train
Preprocessed_Data/24 hr/pH8 Hydrolytic/cropped_24hr_pH8_W15.JPG,8,15,24,train
Preprocessed_Data/30 hr/pH8 Hydrolytic/cropped_30hr_pH8_W15.JPG,8,15,30,train
Preprocessed_Data/48 hr/pH8 Hydrolytic/cropped_48hr_pH8_W15.JPG,8,15,48,train
Preprocessed_Data/72 hr/pH8 Hydrolytic/cropped_72hr_pH8_W15.JPG,8,15,72,train
Preprocessed_Data/95 hr/pH8 Hydrolytic/cropped_95hr_pH8_W15.JPG,8,15,95,train
Preprocessed_Data/120 hr/pH8 Hydrolytic/cropped_120hr_pH8_W15.JPG,8,15,120,train
Preprocessed_Data/168 hr/pH8 Hydrolytic/cropped_168hr_pH8_W15.JPG,8,15,168,train
Preprocessed_Data/192 hr/pH8 Hydrolytic/cropped_192hr_pH8_W15.JPG,8,15,192,train
Preprocessed_Data/216 hr/pH8 Hydrolytic/cropped_216hr_pH8_W15.JPG,8,15,216,train
Preprocessed_Data/264 hr/pH8 Hydrolytic/cropped_264hr_pH8_W15.JPG,8,15,264,train
Preprocessed_Data/0 hr/pH8 Hydrolytic/cropped_0hr_pH8_W18.JPG,8,18,0,train
Preprocessed_Data/24 hr/pH8 Hydrolytic/cropped_24hr_pH8_W18.JPG,8,18,24,train
Preprocessed_Data/30 hr/pH8 Hydrolytic/cropped_30hr_pH8_W18.JPG,8,18,30,train
Preprocessed_Data/48 hr/pH8 Hydrolytic/cropped_48hr_pH8_W18.JPG,8,18,48,train
Preprocessed_Data/72 hr/pH8 Hydrolytic/cropped_72hr_pH8_W18.JPG,8,18,72,train
Preprocessed_Data/95 hr/pH8 Hydrolytic/cropped_95hr_pH8_W18.JPG,8,18,95,train
Preprocessed_Data/120 hr/pH8 Hydrolytic/cropped_120hr_pH8_W18.JPG,8,18,120,train
Preprocessed_Data/168 hr/pH8 Hydrolytic/cropped_168hr_pH8_W18.JPG,8,18,168,train
Preprocessed_Data/192 hr/pH8 Hydrolytic/cropped_192hr_pH8_W18.JPG,8,18,192,train
Preprocessed_Data/216 hr/pH8 Hydrolytic/cropped_216hr_pH8_W18.JPG,8,18,216,train
Preprocessed_Data/264 hr/pH8 Hydrolytic/cropped_264hr_pH8_W18.JPG,8,18,264,train
Preprocessed_Data/0 hr/pH8 Hydrolytic/cropped_0hr_pH8_W19.JPG,8,19,0,train
Preprocessed_Data/24 hr/pH8 Hydrolytic/cropped_24hr_pH8_W19.JPG,8,19,24,train
Preprocessed_Data/30 hr/pH8 Hydrolytic/cropped_30hr_pH8_W19.JPG,8,19,30,train
Preprocessed_Data/48 hr/pH8 Hydrolytic/cropped_48hr_pH8_W19.JPG,8,19,48,train
Preprocessed_Data/72 hr/pH8 Hydrolytic/cropped_72hr_pH8_W19.JPG,8,19,72,train
Preprocessed_Data/95 hr/pH8 Hydrolytic/cropped_95hr_pH8_W19.JPG,8,19,95,train
Preprocessed_Data/120 hr/pH8 Hydrolytic/cropped_120hr_pH8_W19.JPG,8,19,120,train
Preprocessed_Data/168 hr/pH8 Hydrolytic/cropped_168hr_pH8_W19.JPG,8,19,168,train
Preprocessed_Data/192 hr/pH8 Hydrolytic/cropped_192hr_pH8_W19.JPG,8,19,192,train
Preprocessed_Data/216 hr/pH8 Hydrolytic/cropped_216hr_pH8_W19.JPG,8,19,216,train
Preprocessed_Data/264 hr/pH8 Hydrolytic/cropped_264hr_pH8_W19.JPG,8,19,264,train
Preprocessed_Data/0 hr/pH8 Hydrolytic/cropped_0hr_pH8_W22.JPG,8,22,0,train
Preprocessed_Data/24 hr/pH8 Hydrolytic/cropped_24hr_pH8_W22.JPG,8,22,24,train
Preprocessed_Data/30 hr/pH8 Hydrolytic/cropped_30hr_pH8_W22.JPG,8,22,30,train
Preprocessed_Data/48 hr/pH8 Hydrolytic/cropped_48hr_pH8_W22.JPG,8,22,48,train
Preprocessed_Data/72 hr/pH8 Hydrolytic/cropped_72hr_pH8_W22.JPG,8,22,72,train
Preprocessed_Data/95 hr/pH8 Hydrolytic/cropped_95hr_pH8_W22.JPG,8,22,95,train
Preprocessed_Data/120 hr/pH8 Hydrolytic/cropped_120hr_pH8_W22.JPG,8,22,120,train
Preprocessed_Data/168 hr/pH8 Hydrolytic/cropped_168hr_pH8_W22.JPG,8,22,168,train
Preprocessed_Data/192 hr/pH8 Hydrolytic/cropped_192hr_pH8_W22.JPG,8,22,192,train
Preprocessed_Data/216 hr/pH8 Hydrolytic/cropped_216hr_pH8_W22.JPG,8,22,216,train
Preprocessed_Data/264 hr/pH8 Hydrolytic/cropped_264hr_pH8_W22.JPG,8,22,264,train
Preprocessed_Data/0 hr/pH8 Hydrolytic/cropped_0hr_pH8_W23.JPG,8,23,0,train
Preprocessed_Data/24 hr/pH8 Hydrolytic/cropped_24hr_pH8_W23.JPG,8,23,24,train
Preprocessed_Data/30 hr/pH8 Hydrolytic/cropped_30hr_pH8_W23.JPG,8,23,30,train
Preprocessed_Data/48 hr/pH8 Hydrolytic/cropped_48hr_pH8_W23.JPG,8,23,48,train
Preprocessed_Data/72 hr/pH8 Hydrolytic/cropped_72hr_pH8_W23.JPG,8,23,72,train
Preprocessed_Data/95 hr/pH8 Hydrolytic/cropped_95hr_pH8_W23.JPG,8,23,95,train
Preprocessed_Data/120 hr/pH8 Hydrolytic/cropped_120hr_pH8_W23.JPG,8,23,120,train
Preprocessed_Data/168 hr/pH8 Hydrolytic/cropped_168hr_pH8_W23.JPG,8,23,168,train
Preprocessed_Data/192 hr/pH8 Hydrolytic/cropped_192hr_pH8_W23.JPG,8,23,192,train
Preprocessed_Data/216 hr/pH8 Hydrolytic/cropped_216hr_pH8_W23.JPG,8,23,216,train
Preprocessed_Data/264 hr/pH8 Hydrolytic/cropped_264hr_pH8_W23.JPG,8,23,264,train
Preprocessed_Data/0 hr/pH8 Hydrolytic/cropped_0hr_pH8_W25.JPG,8,25,0,train
Preprocessed_Data/24 hr/pH8 Hydrolytic/cropped_24hr_pH8_W25.JPG,8,25,24,train
Preprocessed_Data/30 hr/pH8 Hydrolytic/cropped_30hr_pH8_W25.JPG,8,25,30,train
Preprocessed_Data/48 hr/pH8 Hydrolytic/cropped_48hr_pH8_W25.JPG,8,25,48,train
Preprocessed_Data/72 hr/pH8 Hydrolytic/cropped_72hr_pH8_W25.JPG,8,25,72,train
Preprocessed_Data/95 hr/pH8 Hydrolytic/cropped_95hr_pH8_W25.JPG,8,25,95,train
Preprocessed_Data/120 hr/pH8 Hydrolytic/cropped_120hr_pH8_W25.JPG,8,25,120,train
Preprocessed_Data/168 hr/pH8 Hydrolytic/cropped_168hr_pH8_W25.JPG,8,25,168,train
Preprocessed_Data/192 hr/pH8 Hydrolytic/cropped_192hr_pH8_W25.JPG,8,25,192,train
Preprocessed_Data/216 hr/pH8 Hydrolytic/cropped_216hr_pH8_W25.JPG,8,25,216,train
Preprocessed_Data/264 hr/pH8 Hydrolytic/cropped_264hr_pH8_W25.JPG,8,25,264,train
Preprocessed_Data/0 hr/pH8 Hydrolytic/cropped_0hr_pH8_W26.JPG,8,26,0,train
Preprocessed_Data/24 hr/pH8 Hydrolytic/cropped_24hr_pH8_W26.JPG,8,26,24,train
Preprocessed_Data/30 hr/pH8 Hydrolytic/cropped_30hr_pH8_W26.JPG,8,26,30,train
Preprocessed_Data/48 hr/pH8 Hydrolytic/cropped_48hr_pH8_W26.JPG,8,26,48,train
Preprocessed_Data/72 hr/pH8 Hydrolytic/cropped_72hr_pH8_W26.JPG,8,26,72,train
Preprocessed_Data/95 hr/pH8 Hydrolytic/cropped_95hr_pH8_W26.JPG,8,26,95,train
Preprocessed_Data/120 hr/pH8 Hydrolytic/cropped_120hr_pH8_W26.JPG,8,26,120,train
Preprocessed_Data/168 hr/pH8 Hydrolytic/cropped_168hr_pH8_W26.JPG,8,26,168,train
Preprocessed_Data/192 hr/pH8 Hydrolytic/cropped_192hr_pH8_W26.JPG,8,26,192,train
Preprocessed_Data/216 hr/pH8 Hydrolytic/cropped_216hr_pH8_W26.JPG,8,26,216,train
Preprocessed_Data/264 hr/pH8 Hydrolytic/cropped_264hr_pH8_W26.JPG,8,26,264,train
Preprocessed_Data/0 hr/pH8 Hydrolytic/cropped_0hr_pH8_W27.JPG,8,27,0,train
Preprocessed_Data/24 hr/pH8 Hydrolytic/cropped_24hr_pH8_W27.JPG,8,27,24,train
Preprocessed_Data/30 hr/pH8 Hydrolytic/cropped_30hr_pH8_W27.JPG,8,27,30,train
Preprocessed_Data/48 hr/pH8 Hydrolytic/cropped_48hr_pH8_W27.JPG,8,27,48,train
Preprocessed_Data/72 hr/pH8 Hydrolytic/cropped_72hr_pH8_W27.JPG,8,27,72,train
Preprocessed_Data/95 hr/pH8 Hydrolytic/cropped_95hr_pH8_W27.JPG,8,27,95,train
Preprocessed_Data/120 hr/pH8 Hydrolytic/cropped_120hr_pH8_W27.JPG,8,27,120,train
Preprocessed_Data/168 hr/pH8 Hydrolytic/cropped_168hr_pH8_W27.JPG,8,27,168,train
Preprocessed_Data/192 hr/pH8 Hydrolytic/cropped_192hr_pH8_W27.JPG,8,27,192,train
Preprocessed_Data/216 hr/pH8 Hydrolytic/cropped_216hr_pH8_W27.JPG,8,27,216,train
Preprocessed_Data/264 hr/pH8 Hydrolytic/cropped_264hr_pH8_W27.JPG,8,27,264,train
Preprocessed_Data/0 hr/pH8 Hydrolytic/cropped_0hr_pH8_W28.JPG,8,28,0,train
Preprocessed_Data/24 hr/pH8 Hydrolytic/cropped_24hr_pH8_W28.JPG,8,28,24,train
Preprocessed_Data/30 hr/pH8 Hydrolytic/cropped_30hr_pH8_W28.JPG,8,28,30,train
Preprocessed_Data/48 hr/pH8 Hydrolytic/cropped_48hr_pH8_W28.JPG,8,28,48,train
Preprocessed_Data/72 hr/pH8 Hydrolytic/cropped_72hr_pH8_W28.JPG,8,28,72,train
Preprocessed_Data/95 hr/pH8 Hydrolytic/cropped_95hr_pH8_W28.JPG,8,28,95,train
Preprocessed_Data/120 hr/pH8 Hydrolytic/cropped_120hr_pH8_W28.JPG,8,28,120,train
Preprocessed_Data/168 hr/pH8 Hydrolytic/cropped_168hr_pH8_W28.JPG,8,28,168,train
Preprocessed_Data/192 hr/pH8 Hydrolytic/cropped_192hr_pH8_W28.JPG,8,28,192,train
Preprocessed_Data/216 hr/pH8 Hydrolytic/cropped_216hr_pH8_W28.JPG,8,28,216,train
Preprocessed_Data/264 hr/pH8 Hydrolytic/cropped_264hr_pH8_W28.JPG,8,28,264,train
Preprocessed_Data/0 hr/pH8 Hydrolytic/cropped_0hr_pH8_W29.JPG,8,29,0,train
Preprocessed_Data/24 hr/pH8 Hydrolytic/cropped_24hr_pH8_W29.JPG,8,29,24,train
Preprocessed_Data/30 hr/pH8 Hydrolytic/cropped_30hr_pH8_W29.JPG,8,29,30,train
Preprocessed_Data/48 hr/pH8 Hydrolytic/cropped_48hr_pH8_W29.JPG,8,29,48,train
Preprocessed_Data/72 hr/pH8 Hydrolytic/cropped_72hr_pH8_W29.JPG,8,29,72,train
Preprocessed_Data/95 hr/pH8 Hydrolytic/cropped_95hr_pH8_W29.JPG,8,29,95,train
Preprocessed_Data/120 hr/pH8 Hydrolytic/cropped_120hr_pH8_W29.JPG,8,29,120,train
Preprocessed_Data/168 hr/pH8 Hydrolytic/cropped_168hr_pH8_W29.JPG,8,29,168,train
Preprocessed_Data/192 hr/pH8 Hydrolytic/cropped_192hr_pH8_W29.JPG,8,29,192,train
Preprocessed_Data/216 hr/pH8 Hydrolytic/cropped_216hr_pH8_W29.JPG,8,29,216,train
Preprocessed_Data/264 hr/pH8 Hydrolytic/cropped_264hr_pH8_W29.JPG,8,29,264,train
Preprocessed_Data/0 hr/pH8 Hydrolytic/cropped_0hr_pH8_W31.JPG,8,31,0,train
Preprocessed_Data/24 hr/pH8 Hydrolytic/cropped_24hr_pH8_W31.JPG,8,31,24,train
Preprocessed_Data/30 hr/pH8 Hydrolytic/cropped_30hr_pH8_W31.JPG,8,31,30,train
Preprocessed_Data/48 hr/pH8 Hydrolytic/cropped_48hr_pH8_W31.JPG,8,31,48,train
Preprocessed_Data/72 hr/pH8 Hydrolytic/cropped_72hr_pH8_W31.JPG,8,31,72,train
Preprocessed_Data/95 hr/pH8 Hydrolytic/cropped_95hr_pH8_W31.JPG,8,31,95,train
Preprocessed_Data/120 hr/pH8 Hydrolytic/cropped_120hr_pH8_W31.JPG,8,31,120,train
Preprocessed_Data/168 hr/pH8 Hydrolytic/cropped_168hr_pH8_W31.JPG,8,31,168,train
Preprocessed_Data/192 hr/pH8 Hydrolytic/cropped_192hr_pH8_W31.JPG,8,31,192,train
Preprocessed_Data/216 hr/pH8 Hydrolytic/cropped_216hr_pH8_W31.JPG,8,31,216,train
Preprocessed_Data/264 hr/pH8 Hydrolytic/cropped_264hr_pH8_W31.JPG,8,31,264,train
Preprocessed_Data/0 hr/pH8 Hydrolytic/cropped_0hr_pH8_W32.JPG,8,32,0,train
Preprocessed_Data/24 hr/pH8 Hydrolytic/cropped_24hr_pH8_W32.JPG,8,32,24,train
Preprocessed_Data/30 hr/pH8 Hydrolytic/cropped_30hr_pH8_W32.JPG,8,32,30,train
Preprocessed_Data/48 hr/pH8 Hydrolytic/cropped_48hr_pH8_W32.JPG,8,32,48,train
Preprocessed_Data/72 hr/pH8 Hydrolytic/cropped_72hr_pH8_W32.JPG,8,32,72,train
Preprocessed_Data/95 hr/pH8 Hydrolytic/cropped_95hr_pH8_W32.JPG,8,32,95,train
Preprocessed_Data/120 hr/pH8 Hydrolytic/cropped_120hr_pH8_W32.JPG,8,32,120,train
Preprocessed_Data/168 hr/pH8 Hydrolytic/cropped_168hr_pH8_W32.JPG,8,32,168,train
Preprocessed_Data/192 hr/pH8 Hydrolytic/cropped_192hr_pH8_W32.JPG,8,32,192,train
Preprocessed_Data/216 hr/pH8 Hydrolytic/cropped_216hr_pH8_W32.JPG,8,32,216,train
Preprocessed_Data/264 hr/pH8 Hydrolytic/cropped_264hr_pH8_W32.JPG,8,32,264,train
Preprocessed_Data/0 hr/pH8 Hydrolytic/cropped_0hr_pH8_W35.JPG,8,35,0,train
Preprocessed_Data/24 hr/pH8 Hydrolytic/cropped_24hr_pH8_W35.JPG,8,35,24,train
Preprocessed_Data/30 hr/pH8 Hydrolytic/cropped_30hr_pH8_W35.JPG,8,35,30,train
Preprocessed_Data/48 hr/pH8 Hydrolytic/cropped_48hr_pH8_W35.JPG,8,35,48,train
Preprocessed_Data/72 hr/pH8 Hydrolytic/cropped_72hr_pH8_W35.JPG,8,35,72,train
Preprocessed_Data/95 hr/pH8 Hydrolytic/cropped_95hr_pH8_W35.JPG,8,35,95,train
Preprocessed_Data/120 hr/pH8 Hydrolytic/cropped_120hr_pH8_W35.JPG,8,35,120,train
Preprocessed_Data/168 hr/pH8 Hydrolytic/cropped_168hr_pH8_W35.JPG,8,35,168,train
Preprocessed_Data/192 hr/pH8 Hydrolytic/cropped_192hr_pH8_W35.JPG,8,35,192,train
Preprocessed_Data/216 hr/pH8 Hydrolytic/cropped_216hr_pH8_W35.JPG,8,35,216,train
Preprocessed_Data/264 hr/pH8 Hydrolytic/cropped_264hr_pH8_W35.JPG,8,35,264,train
Preprocessed_Data/0 hr/pH8 Hydrolytic/cropped_0hr_pH8_W36.JPG,8,36,0,train
Preprocessed_Data/24 hr/pH8 Hydrolytic/cropped_24hr_pH8_W36.JPG,8,36,24,train
Preprocessed_Data/30 hr/pH8 Hydrolytic/cropped_30hr_pH8_W36.JPG,8,36,30,train
Preprocessed_Data/48 hr/pH8 Hydrolytic/cropped_48hr_pH8_W36.JPG,8,36,48,train
Preprocessed_Data/72 hr/pH8 Hydrolytic/cropped_72hr_pH8_W36.JPG,8,36,72,train
Preprocessed_Data/95 hr/pH8 Hydrolytic/cropped_95hr_pH8_W36.JPG,8,36,95,train
Preprocessed_Data/120 hr/pH8 Hydrolytic/cropped_120hr_pH8_W36.JPG,8,36,120,train
Preprocessed_Data/168 hr/pH8 Hydrolytic/cropped_168hr_pH8_W36.JPG,8,36,168,train
Preprocessed_Data/192 hr/pH8 Hydrolytic/cropped_192hr_pH8_W36.JPG,8,36,192,train
Preprocessed_Data/216 hr/pH8 Hydrolytic/cropped_216hr_pH8_W36.JPG,8,36,216,train
Preprocessed_Data/264 hr/pH8 Hydrolytic/cropped_264hr_pH8_W36.JPG,8,36,264,train
Preprocessed_Data/0 hr/pH8 Hydrolytic/cropped_0hr_pH8_W37.JPG,8,37,0,train
Preprocessed_Data/24 hr/pH8 Hydrolytic/cropped_24hr_pH8_W37.JPG,8,37,24,train
Preprocessed_Data/30 hr/pH8 Hydrolytic/cropped_30hr_pH8_W37.JPG,8,37,30,train
Preprocessed_Data/48 hr/pH8 Hydrolytic/cropped_48hr_pH8_W37.JPG,8,37,48,train
Preprocessed_Data/72 hr/pH8 Hydrolytic/cropped_72hr_pH8_W37.JPG,8,37,72,train
Preprocessed_Data/95 hr/pH8 Hydrolytic/cropped_95hr_pH8_W37.JPG,8,37,95,train
Preprocessed_Data/120 hr/pH8 Hydrolytic/cropped_120hr_pH8_W37.JPG,8,37,120,train
Preprocessed_Data/168 hr/pH8 Hydrolytic/cropped_168hr_pH8_W37.JPG,8,37,168,train
Preprocessed_Data/192 hr/pH8 Hydrolytic/cropped_192hr_pH8_W37.JPG,8,37,192,train
Preprocessed_Data/216 hr/pH8 Hydrolytic/cropped_216hr_pH8_W37.JPG,8,37,216,train
Preprocessed_Data/264 hr/pH8 Hydrolytic/cropped_264hr_pH8_W37.JPG,8,37,264,train
Preprocessed_Data/0 hr/pH8 Hydrolytic/cropped_0hr_pH8_W38.JPG,8,38,0,train
Preprocessed_Data/24 hr/pH8 Hydrolytic/cropped_24hr_pH8_W38.JPG,8,38,24,train
Preprocessed_Data/30 hr/pH8 Hydrolytic/cropped_30hr_pH8_W38.JPG,8,38,30,train
Preprocessed_Data/48 hr/pH8 Hydrolytic/cropped_48hr_pH8_W38.JPG,8,38,48,train
Preprocessed_Data/72 hr/pH8 Hydrolytic/cropped_72hr_pH8_W38.JPG,8,38,72,train
Preprocessed_Data/95 hr/pH8 Hydrolytic/cropped_95hr_pH8_W38.JPG,8,38,95,train
Preprocessed_Data/120 hr/pH8 Hydrolytic/cropped_120hr_pH8_W38.JPG,8,38,120,train
Preprocessed_Data/168 hr/pH8 Hydrolytic/cropped_168hr_pH8_W38.JPG,8,38,168,train
Preprocessed_Data/192 hr/pH8 Hydrolytic/cropped_192hr_pH8_W38.JPG,8,38,192,train
Preprocessed_Data/216 hr/pH8 Hydrolytic/cropped_216hr_pH8_W38.JPG,8,38,216,train
Preprocessed_Data/264 hr/pH8 Hydrolytic/cropped_264hr_pH8_W38.JPG,8,38,264,train
Preprocessed_Data/0 hr/pH8 Hydrolytic/cropped_0hr_pH8_W40.JPG,8,40,0,train
Preprocessed_Data/24 hr/pH8 Hydrolytic/cropped_24hr_pH8_W40.JPG,8,40,24,train
Preprocessed_Data/30 hr/pH8 Hydrolytic/cropped_30hr_pH8_W40.JPG,8,40,30,train
Preprocessed_Data/48 hr/pH8 Hydrolytic/cropped_48hr_pH8_W40.JPG,8,40,48,train
Preprocessed_Data/72 hr/pH8 Hydrolytic/cropped_72hr_pH8_W40.JPG,8,40,72,train
Preprocessed_Data/95 hr/pH8 Hydrolytic/cropped_95hr_pH8_W40.JPG,8,40,95,train
Preprocessed_Data/120 hr/pH8 Hydrolytic/cropped_120hr_pH8_W40.JPG,8,40,120,train
Preprocessed_Data/168 hr/pH8 Hydrolytic/cropped_168hr_pH8_W40.JPG,8,40,168,train
Preprocessed_Data/192 hr/pH8 Hydrolytic/cropped_192hr_pH8_W40.JPG,8,40,192,train
Preprocessed_Data/216 hr/pH8 Hydrolytic/cropped_216hr_pH8_W40.JPG,8,40,216,train
Preprocessed_Data/264 hr/pH8 Hydrolytic/cropped_264hr_pH8_W40.JPG,8,40,264,train
Preprocessed_Data/0 hr/pH8 Hydrolytic/cropped_0hr_pH8_W41.JPG,8,41,0,train
Preprocessed_Data/24 hr/pH8 Hydrolytic/cropped_24hr_pH8_W41.JPG,8,41,24,train
Preprocessed_Data/30 hr/pH8 Hydrolytic/cropped_30hr_pH8_W41.JPG,8,41,30,train
Preprocessed_Data/48 hr/pH8 Hydrolytic/cropped_48hr_pH8_W41.JPG,8,41,48,train
Preprocessed_Data/72 hr/pH8 Hydrolytic/cropped_72hr_pH8_W41.JPG,8,41,72,train
Preprocessed_Data/95 hr/pH8 Hydrolytic/cropped_95hr_pH8_W41.JPG,8,41,95,train
Preprocessed_Data/120 hr/pH8 Hydrolytic/cropped_120hr_pH8_W41.JPG,8,41,120,train
Preprocessed_Data/168 hr/pH8 Hydrolytic/cropped_168hr_pH8_W41.JPG,8,41,168,train
Preprocessed_Data/192 hr/pH8 Hydrolytic/cropped_192hr_pH8_W41.JPG,8,41,192,train
Preprocessed_Data/216 hr/pH8 Hydrolytic/cropped_216hr_pH8_W41.JPG,8,41,216,train
Preprocessed_Data/264 hr/pH8 Hydrolytic/cropped_264hr_pH8_W41.JPG,8,41,264,train
Preprocessed_Data/0 hr/pH8 Hydrolytic/cropped_0hr_pH8_W43.JPG,8,43,0,train
Preprocessed_Data/24 hr/pH8 Hydrolytic/cropped_24hr_pH8_W43.JPG,8,43,24,train
Preprocessed_Data/30 hr/pH8 Hydrolytic/cropped_30hr_pH8_W43.JPG,8,43,30,train
Preprocessed_Data/48 hr/pH8 Hydrolytic/cropped_48hr_pH8_W43.JPG,8,43,48,train
Preprocessed_Data/72 hr/pH8 Hydrolytic/cropped_72hr_pH8_W43.JPG,8,43,72,train
Preprocessed_Data/95 hr/pH8 Hydrolytic/cropped_95hr_pH8_W43.JPG,8,43,95,train
Preprocessed_Data/120 hr/pH8 Hydrolytic/cropped_120hr_pH8_W43.JPG,8,43,120,train
Preprocessed_Data/168 hr/pH8 Hydrolytic/cropped_168hr_pH8_W43.JPG,8,43,168,train
Preprocessed_Data/192 hr/pH8 Hydrolytic/cropped_192hr_pH8_W43.JPG,8,43,192,train
Preprocessed_Data/216 hr/pH8 Hydrolytic/cropped_216hr_pH8_W43.JPG,8,43,216,train
Preprocessed_Data/264 hr/pH8 Hydrolytic/cropped_264hr_pH8_W43.JPG,8,43,264,train
Preprocessed_Data/0 hr/pH8 Hydrolytic/cropped_0hr_pH8_W45.JPG,8,45,0,train
Preprocessed_Data/24 hr/pH8 Hydrolytic/cropped_24hr_pH8_W45.JPG,8,45,24,train
Preprocessed_Data/30 hr/pH8 Hydrolytic/cropped_30hr_pH8_W45.JPG,8,45,30,train
Preprocessed_Data/48 hr/pH8 Hydrolytic/cropped_48hr_pH8_W45.JPG,8,45,48,train
Preprocessed_Data/72 hr/pH8 Hydrolytic/cropped_72hr_pH8_W45.JPG,8,45,72,train
Preprocessed_Data/95 hr/pH8 Hydrolytic/cropped_95hr_pH8_W45.JPG,8,45,95,train
Preprocessed_Data/120 hr/pH8 Hydrolytic/cropped_120hr_pH8_W45.JPG,8,45,120,train
Preprocessed_Data/168 hr/pH8 Hydrolytic/cropped_168hr_pH8_W45.JPG,8,45,168,train
Preprocessed_Data/192 hr/pH8 Hydrolytic/cropped_192hr_pH8_W45.JPG,8,45,192,train
Preprocessed_Data/216 hr/pH8 Hydrolytic/cropped_216hr_pH8_W45.JPG,8,45,216,train
Preprocessed_Data/264 hr/pH8 Hydrolytic/cropped_264hr_pH8_W45.JPG,8,45,264,train
Preprocessed_Data/0 hr/pH8 Hydrolytic/cropped_0hr_pH8_W47.JPG,8,47,0,train
Preprocessed_Data/24 hr/pH8 Hydrolytic/cropped_24hr_pH8_W47.JPG,8,47,24,train
Preprocessed_Data/30 hr/pH8 Hydrolytic/cropped_30hr_pH8_W47.JPG,8,47,30,train
Preprocessed_Data/48 hr/pH8 Hydrolytic/cropped_48hr_pH8_W47.JPG,8,47,48,train
Preprocessed_Data/72 hr/pH8 Hydrolytic/cropped_72hr_pH8_W47.JPG,8,47,72,train
Preprocessed_Data/95 hr/pH8 Hydrolytic/cropped_95hr_pH8_W47.JPG,8,47,95,train
Preprocessed_Data/120 hr/pH8 Hydrolytic/cropped_120hr_pH8_W47.JPG,8,47,120,train
Preprocessed_Data/168 hr/pH8 Hydrolytic/cropped_168hr_pH8_W47.JPG,8,47,168,train
Preprocessed_Data/192 hr/pH8 Hydrolytic/cropped_192hr_pH8_W47.JPG,8,47,192,train
Preprocessed_Data/216 hr/pH8 Hydrolytic/cropped_216hr_pH8_W47.JPG,8,47,216,train
Preprocessed_Data/264 hr/pH8 Hydrolytic/cropped_264hr_pH8_W47.JPG,8,47,264,train
Preprocessed_Data/0 hr/pH5 Hydrolytic/cropped_0hr_pH5_W3.JPG,5,3,0,val
Preprocessed_Data/24 hr/pH5 Hydrolytic/cropped_24hr_pH5_W3.JPG,5,3,24,val
Preprocessed_Data/30 hr/pH5 Hydrolytic/cropped_30hr_pH5_W3.png,5,3,30,val
Preprocessed_Data/48 hr/pH5 Hydrolytic/cropped_48hr_pH5_W3.JPG,5,3,48,val
Preprocessed_Data/72 hr/pH5 Hydrolytic/cropped_72hr_pH5_W3.JPG,5,3,72,val
Preprocessed_Data/120 hr/pH5 Hydrolytic/cropped_120hr_pH5_W3.JPG,5,3,120,val
Preprocessed_Data/168 hr/pH5 Hydrolytic/cropped_168hr_pH5_W3.JPG,5,3,168,val
Preprocessed_Data/192 hr/pH5 Hydrolytic/cropped_192hr_pH5_W3.JPG,5,3,192,val
Preprocessed_Data/216 hr/pH5 Hydrolytic/cropped_216hr_pH5_W3.JPG,5,3,216,val
Preprocessed_Data/264 hr/pH5 Hydrolytic/cropped_264hr_pH5_W3.JPG,5,3,264,val
Preprocessed_Data/0 hr/pH5 Hydrolytic/cropped_0hr_pH5_W6.JPG,5,6,0,val
Preprocessed_Data/24 hr/pH5 Hydrolytic/cropped_24hr_pH5_W6.JPG,5,6,24,val
Preprocessed_Data/30 hr/pH5 Hydrolytic/cropped_30hr_pH5_W6.JPG,5,6,30,val
Preprocessed_Data/48 hr/pH5 Hydrolytic/cropped_48hr_pH5_W6.JPG,5,6,48,val
Preprocessed_Data/72 hr/pH5 Hydrolytic/cropped_72hr_pH5_W6.JPG,5,6,72,val
Preprocessed_Data/95 hr/pH5 Hydrolytic/cropped_95hr_pH5_W6.JPG,5,6,95,val
Preprocessed_Data/120 hr/pH5 Hydrolytic/cropped_120hr_pH5_W6.JPG,5,6,120,val
Preprocessed_Data/168 hr/pH5 Hydrolytic/cropped_168hr_pH5_W6.JPG,5,6,168,val
Preprocessed_Data/192 hr/pH5 Hydrolytic/cropped_192hr_pH5_W6.JPG,5,6,192,val
Preprocessed_Data/216 hr/pH5 Hydrolytic/cropped_216hr_pH5_W6.JPG,5,6,216,val
Preprocessed_Data/264 hr/pH5 Hydrolytic/cropped_264hr_pH5_W6.JPG,5,6,264,val
Preprocessed_Data/0 hr/pH5 Hydrolytic/cropped_0hr_pH5_W14.JPG,5,14,0,val
Preprocessed_Data/24 hr/pH5 Hydrolytic/cropped_24hr_pH5_W14.JPG,5,14,24,val
Preprocessed_Data/30 hr/pH5 Hydrolytic/cropped_30hr_pH5_W14.JPG,5,14,30,val
Preprocessed_Data/48 hr/pH5 Hydrolytic/cropped_48hr_pH5_W14.JPG,5,14,48,val
Preprocessed_Data/72 hr/pH5 Hydrolytic/cropped_72hr_pH5_W14.JPG,5,14,72,val
Preprocessed_Data/95 hr/pH5 Hydrolytic/cropped_95hr_pH5_W14.JPG,5,14,95,val
Preprocessed_Data/120 hr/pH5 Hydrolytic/cropped_120hr_pH5_W14.JPG,5,14,120,val
Preprocessed_Data/168 hr/pH5 Hydrolytic/cropped_168hr_pH5_W14.JPG,5,14,168,val
Preprocessed_Data/192 hr/pH5 Hydrolytic/cropped_192hr_pH5_W14.JPG,5,14,192,val
Preprocessed_Data/216 hr/pH5 Hydrolytic/cropped_216hr_pH5_W14.JPG,5,14,216,val
Preprocessed_Data/264 hr/pH5 Hydrolytic/cropped_264hr_pH5_W14.JPG,5,14,264,val
Preprocessed_Data/0 hr/pH5 Hydrolytic/cropped_0hr_pH5_W17.JPG,5,17,0,val
Preprocessed_Data/24 hr/pH5 Hydrolytic/cropped_24hr_pH5_W17.JPG,5,17,24,val
Preprocessed_Data/30 hr/pH5 Hydrolytic/cropped_30hr_pH5_W17.JPG,5,17,30,val
Preprocessed_Data/48 hr/pH5 Hydrolytic/cropped_48hr_pH5_W17.JPG,5,17,48,val
Preprocessed_Data/72 hr/pH5 Hydrolytic/cropped_72hr_pH5_W17.JPG,5,17,72,val
Preprocessed_Data/95 hr/pH5 Hydrolytic/cropped_95hr_pH5_W17.JPG,5,17,95,val
Preprocessed_Data/120 hr/pH5 Hydrolytic/cropped_120hr_pH5_W17.JPG,5,17,120,val
Preprocessed_Data/168 hr/pH5 Hydrolytic/cropped_168hr_pH5_W17.JPG,5,17,168,val
Preprocessed_Data/192 hr/pH5 Hydrolytic/cropped_192hr_pH5_W17.JPG,5,17,192,val
Preprocessed_Data/216 hr/pH5 Hydrolytic/cropped_216hr_pH5_W17.JPG,5,17,216,val
Preprocessed_Data/264 hr/pH5 Hydrolytic/cropped_264hr_pH5_W17.JPG,5,17,264,val
Preprocessed_Data/0 hr/pH5 Hydrolytic/cropped_0hr_pH5_W20.JPG,5,20,0,val
Preprocessed_Data/24 hr/pH5 Hydrolytic/cropped_24hr_pH5_W20.JPG,5,20,24,val
Preprocessed_Data/30 hr/pH5 Hydrolytic/cropped_30hr_pH5_W20.JPG,5,20,30,val
Preprocessed_Data/48 hr/pH5 Hydrolytic/cropped_48hr_pH5_W20.JPG,5,20,48,val
Preprocessed_Data/72 hr/pH5 Hydrolytic/cropped_72hr_pH5_W20.JPG,5,20,72,val
Preprocessed_Data/95 hr/pH5 Hydrolytic/cropped_95hr_pH5_W20.JPG,5,20,95,val
Preprocessed_Data/120 hr/pH5 Hydrolytic/cropped_120hr_pH5_W20.JPG,5,20,120,val
Preprocessed_Data/168 hr/pH5 Hydrolytic/cropped_168hr_pH5_W20.JPG,5,20,168,val
Preprocessed_Data/192 hr/pH5 Hydrolytic/cropped_192hr_pH5_W20.JPG,5,20,192,val
Preprocessed_Data/216 hr/pH5 Hydrolytic/cropped_216hr_pH5_W20.JPG,5,20,216,val
Preprocessed_Data/264 hr/pH5 Hydrolytic/cropped_264hr_pH5_W20.JPG,5,20,264,val
Preprocessed_Data/0 hr/pH5 Hydrolytic/cropped_0hr_pH5_W28.JPG,5,28,0,val
Preprocessed_Data/24 hr/pH5 Hydrolytic/cropped_24hr_pH5_W28.JPG,5,28,24,val
Preprocessed_Data/30 hr/pH5 Hydrolytic/cropped_30hr_pH5_W28.JPG,5,28,30,val
Preprocessed_Data/48 hr/pH5 Hydrolytic/cropped_48hr_pH5_W28.JPG,5,28,48,val
Preprocessed_Data/72 hr/pH5 Hydrolytic/cropped_72hr_pH5_W28.JPG,5,28,72,val
Preprocessed_Data/95 hr/pH5 Hydrolytic/cropped_95hr_pH5_W28.JPG,5,28,95,val
Preprocessed_Data/120 hr/pH5 Hydrolytic/cropped_120hr_pH5_W28.JPG,5,28,120,val
Preprocessed_Data/168 hr/pH5 Hydrolytic/cropped_168hr_pH5_W28.JPG,5,28,168,val
Preprocessed_Data/192 hr/pH5 Hydrolytic/cropped_192hr_pH5_W28.JPG,5,28,192,val
Preprocessed_Data/216 hr/pH5 Hydrolytic/cropped_216hr_pH5_W28.JPG,5,28,216,val
Preprocessed_Data/264 hr/pH5 Hydrolytic/cropped_264hr_pH5_W28.JPG,5,28,264,val
Preprocessed_Data/0 hr/pH5 Hydrolytic/cropped_0hr_pH5_W38.JPG,5,38,0,val
Preprocessed_Data/24 hr/pH5 Hydrolytic/cropped_24hr_pH5_W38.JPG,5,38,24,val
Preprocessed_Data/30 hr/pH5 Hydrolytic/cropped_30hr_pH5_W38.JPG,5,38,30,val
Preprocessed_Data/48 hr/pH5 Hydrolytic/cropped_48hr_pH5_W38.JPG,5,38,48,val
Preprocessed_Data/72 hr/pH5 Hydrolytic/cropped_72hr_pH5_W38.JPG,5,38,72,val
Preprocessed_Data/95 hr/pH5 Hydrolytic/cropped_95hr_pH5_W38.JPG,5,38,95,val
Preprocessed_Data/120 hr/pH5 Hydrolytic/cropped_120hr_pH5_W38.JPG,5,38,120,val
Preprocessed_Data/168 hr/pH5 Hydrolytic/cropped_168hr_pH5_W38.JPG,5,38,168,val
Preprocessed_Data/192 hr/pH5 Hydrolytic/cropped_192hr_pH5_W38.JPG,5,38,192,val
Preprocessed_Data/216 hr/pH5 Hydrolytic/cropped_216hr_pH5_W38.JPG,5,38,216,val
Preprocessed_Data/264 hr/pH5 Hydrolytic/cropped_264hr_pH5_W38.JPG,5,38,264,val
Preprocessed_Data/0 hr/pH5 Hydrolytic/cropped_0hr_pH5_W39.JPG,5,39,0,val
Preprocessed_Data/24 hr/pH5 Hydrolytic/cropped_24hr_pH5_W39.JPG,5,39,24,val
Preprocessed_Data/30 hr/pH5 Hydrolytic/cropped_30hr_pH5_W39.JPG,5,39,30,val
Preprocessed_Data/48 hr/pH5 Hydrolytic/cropped_48hr_pH5_W39.JPG,5,39,48,val
Preprocessed_Data/72 hr/pH5 Hydrolytic/cropped_72hr_pH5_W39.JPG,5,39,72,val
Preprocessed_Data/95 hr/pH5 Hydrolytic/cropped_95hr_pH5_W39.JPG,5,39,95,val
Preprocessed_Data/120 hr/pH5 Hydrolytic/cropped_120hr_pH5_W39.JPG,5,39,120,val
Preprocessed_Data/168 hr/pH5 Hydrolytic/cropped_168hr_pH5_W39.JPG,5,39,168,val
Preprocessed_Data/192 hr/pH5 Hydrolytic/cropped_192hr_pH5_W39.JPG,5,39,192,val
Preprocessed_Data/216 hr/pH5 Hydrolytic/cropped_216hr_pH5_W39.JPG,5,39,216,val
Preprocessed_Data/264 hr/pH5 Hydrolytic/cropped_264hr_pH5_W39.JPG,5,39,264,val
Preprocessed_Data/0 hr/pH5 Hydrolytic/cropped_0hr_pH5_W43.JPG,5,43,0,val
Preprocessed_Data/24 hr/pH5 Hydrolytic/cropped_24hr_pH5_W43.JPG,5,43,24,val
Preprocessed_Data/30 hr/pH5 Hydrolytic/cropped_30hr_pH5_W43.JPG,5,43,30,val
Preprocessed_Data/48 hr/pH5 Hydrolytic/cropped_48hr_pH5_W43.JPG,5,43,48,val
Preprocessed_Data/72 hr/pH5 Hydrolytic/cropped_72hr_pH5_W43.JPG,5,43,72,val
Preprocessed_Data/95 hr/pH5 Hydrolytic/cropped_95hr_pH5_W43.JPG,5,43,95,val
Preprocessed_Data/120 hr/pH5 Hydrolytic/cropped_120hr_pH5_W43.JPG,5,43,120,val
Preprocessed_Data/168 hr/pH5 Hydrolytic/cropped_168hr_pH5_W43.JPG,5,43,168,val
Preprocessed_Data/192 hr/pH5 Hydrolytic/cropped_192hr_pH5_W43.JPG,5,43,192,val
Preprocessed_Data/216 hr/pH5 Hydrolytic/cropped_216hr_pH5_W43.JPG,5,43,216,val
Preprocessed_Data/264 hr/pH5 Hydrolytic/cropped_264hr_pH5_W43.JPG,5,43,264,val
Preprocessed_Data/0 hr/pH5 Hydrolytic/cropped_0hr_pH5_W46.JPG,5,46,0,val
Preprocessed_Data/24 hr/pH5 Hydrolytic/cropped_24hr_pH5_W46.JPG,5,46,24,val
Preprocessed_Data/30 hr/pH5 Hydrolytic/cropped_30hr_pH5_W46.JPG,5,46,30,val
Preprocessed_Data/48 hr/pH5 Hydrolytic/cropped_48hr_pH5_W46.JPG,5,46,48,val
Preprocessed_Data/72 hr/pH5 Hydrolytic/cropped_72hr_pH5_W46.JPG,5,46,72,val
Preprocessed_Data/95 hr/pH5 Hydrolytic/cropped_95hr_pH5_W46.JPG,5,46,95,val
Preprocessed_Data/120 hr/pH5 Hydrolytic/cropped_120hr_pH5_W46.JPG,5,46,120,val
Preprocessed_Data/168 hr/pH5 Hydrolytic/cropped_168hr_pH5_W46.JPG,5,46,168,val
Preprocessed_Data/192 hr/pH5 Hydrolytic/cropped_192hr_pH5_W46.JPG,5,46,192,val
Preprocessed_Data/216 hr/pH5 Hydrolytic/cropped_216hr_pH5_W46.JPG,5,46,216,val
Preprocessed_Data/264 hr/pH5 Hydrolytic/cropped_264hr_pH5_W46.JPG,5,46,264,val
Preprocessed_Data/0 hr/pH6 Hydrolytic/cropped_0hr_pH6_W5.JPG,6,5,0,val
Preprocessed_Data/24 hr/pH6 Hydrolytic/cropped_24hr_pH6_W5.JPG,6,5,24,val
Preprocessed_Data/30 hr/pH6 Hydrolytic/cropped_30hr_pH6_W5.jpg,6,5,30,val
Preprocessed_Data/48 hr/pH6 Hydrolytic/cropped_48hr_pH6_W5.JPG,6,5,48,val
Preprocessed_Data/72 hr/pH6 Hydrolytic/cropped_72hr_pH6_W5.JPG,6,5,72,val
Preprocessed_Data/95 hr/pH6 Hydrolytic/cropped_95hr_pH6_W5.JPG,6,5,95,val
Preprocessed_Data/120 hr/pH6 Hydrolytic/cropped_120hr_pH6_W5.JPG,6,5,120,val
Preprocessed_Data/168 hr/pH6 Hydrolytic/cropped_168hr_pH6_W5.JPG,6,5,168,val
Preprocessed_Data/192 hr/pH6 Hydrolytic/cropped_192hr_pH6_W5.JPG,6,5,192,val
Preprocessed_Data/216 hr/pH6 Hydrolytic/cropped_216hr_pH6_W5.JPG,6,5,216,val
Preprocessed_Data/264 hr/pH6 Hydrolytic/cropped_264hr_pH6_W5.JPG,6,5,264,val
Preprocessed_Data/0 hr/pH6 Hydrolytic/cropped_0hr_pH6_W13.JPG,6,13,0,val
Preprocessed_Data/24 hr/pH6 Hydrolytic/cropped_24hr_pH6_W13.JPG,6,13,24,val
Preprocessed_Data/30 hr/pH6 Hydrolytic/cropped_30hr_pH6_W13.JPG,6,13,30,val
Preprocessed_Data/48 hr/pH6 Hydrolytic/cropped_48hr_pH6_W13.JPG,6,13,48,val
Preprocessed_Data/72 hr/pH6 Hydrolytic/cropped_72hr_pH6_W13.JPG,6,13,72,val
Preprocessed_Data/95 hr/pH6 Hydrolytic/cropped_95hr_pH6_W13.JPG,6,13,95,val
Preprocessed_Data/120 hr/pH6 Hydrolytic/cropped_120hr_pH6_W13.JPG,6,13,120,val
Preprocessed_Data/168 hr/pH6 Hydrolytic/cropped_168hr_pH6_W13.JPG,6,13,168,val
Preprocessed_Data/192 hr/pH6 Hydrolytic/cropped_192hr_pH6_W13.JPG,6,13,192,val
Preprocessed_Data/216 hr/pH6 Hydrolytic/cropped_216hr_pH6_W13.JPG,6,13,216,val
Preprocessed_Data/264 hr/pH6 Hydrolytic/cropped_264hr_pH6_W13.JPG,6,13,264,val
Preprocessed_Data/0 hr/pH6 Hydrolytic/cropped_0hr_pH6_W15.JPG,6,15,0,val
Preprocessed_Data/24 hr/pH6 Hydrolytic/cropped_24hr_pH6_W15.JPG,6,15,24,val
Preprocessed_Data/30 hr/pH6 Hydrolytic/cropped_30hr_pH6_W15.JPG,6,15,30,val
Preprocessed_Data/48 hr/pH6 Hydrolytic/cropped_48hr_pH6_W15.JPG,6,15,48,val
Preprocessed_Data/72 hr/pH6 Hydrolytic/cropped_72hr_pH6_W15.JPG,6,15,72,val
Preprocessed_Data/95 hr/pH6 Hydrolytic/cropped_95hr_pH6_W15.JPG,6,15,95,val
Preprocessed_Data/120 hr/pH6 Hydrolytic/cropped_120hr_pH6_W15.JPG,6,15,120,val
Preprocessed_Data/168 hr/pH6 Hydrolytic/cropped_168hr_pH6_W15.JPG,6,15,168,val
Preprocessed_Data/192 hr/pH6 Hydrolytic/cropped_192hr_pH6_W15.JPG,6,15,192,val
Preprocessed_Data/216 hr/pH6 Hydrolytic/cropped_216hr_pH6_W15.JPG,6,15,216,val
Preprocessed_Data/264 hr/pH6 Hydrolytic/cropped_264hr_pH6_W15.JPG,6,15,264,val
Preprocessed_Data/0 hr/pH6 Hydrolytic/cropped_0hr_pH6_W24.JPG,6,24,0,val
Preprocessed_Data/24 hr/pH6 Hydrolytic/cropped_24hr_pH6_W24.JPG,6,24,24,val
Preprocessed_Data/30 hr/pH6 Hydrolytic/cropped_30hr_pH6_W24.JPG,6,24,30,val
Preprocessed_Data/48 hr/pH6 Hydrolytic/cropped_48hr_pH6_W24.JPG,6,24,48,val
Preprocessed_Data/72 hr/pH6 Hydrolytic/cropped_72hr_pH6_W24.JPG,6,24,72,val
Preprocessed_Data/95 hr/pH6 Hydrolytic/cropped_95hr_pH6_W24.JPG,6,24,95,val
Preprocessed_Data/120 hr/pH6 Hydrolytic/cropped_120hr_pH6_W24.JPG,6,24,120,val
Preprocessed_Data/168 hr/pH6 Hydrolytic/cropped_168hr_pH6_W24.JPG,6,24,168,val
Preprocessed_Data/192 hr/pH6 Hydrolytic/cropped_192hr_pH6_W24.JPG,6,24,192,val
Preprocessed_Data/216 hr/pH6 Hydrolytic/cropped_216hr_pH6_W24.JPG,6,24,216,val
Preprocessed_Data/264 hr/pH6 Hydrolytic/cropped_264hr_pH6_W24.JPG,6,24,264,val
Preprocessed_Data/0 hr/pH6 Hydrolytic/cropped_0hr_pH6_W28.JPG,6,28,0,val
Preprocessed_Data/24 hr/pH6 Hydrolytic/cropped_24hr_pH6_W28.JPG,6,28,24,val
Preprocessed_Data/30 hr/pH6 Hydrolytic/cropped_30hr_pH6_W28.JPG,6,28,30,val
Preprocessed_Data/48 hr/pH6 Hydrolytic/cropped_48hr_pH6_W28.JPG,6,28,48,val
Preprocessed_Data/72 hr/pH6 Hydrolytic/cropped_72hr_pH6_W28.JPG,6,28,72,val
Preprocessed_Data/95 hr/pH6 Hydrolytic/cropped_95hr_pH6_W28.JPG,6,28,95,val
Preprocessed_Data/120 hr/pH6 Hydrolytic/cropped_120hr_pH6_W28.JPG,6,28,120,val
Preprocessed_Data/168 hr/pH6 Hydrolytic/cropped_168hr_pH6_W28.JPG,6,28,168,val
Preprocessed_Data/192 hr/pH6 Hydrolytic/cropped_192hr_pH6_W28.JPG,6,28,192,val
Preprocessed_Data/216 hr/pH6 Hydrolytic/cropped_216hr_pH6_W28.JPG,6,28,216,val
Preprocessed_Data/264 hr/pH6 Hydrolytic/cropped_264hr_pH6_W28.JPG,6,28,264,val
Preprocessed_Data/0 hr/pH6 Hydrolytic/cropped_0hr_pH6_W37.JPG,6,37,0,val
Preprocessed_Data/24 hr/pH6 Hydrolytic/cropped_24hr_pH6_W37.JPG,6,37,24,val
Preprocessed_Data/30 hr/pH6 Hydrolytic/cropped_30hr_pH6_W37.JPG,6,37,30,val
Preprocessed_Data/48 hr/pH6 Hydrolytic/cropped_48hr_pH6_W37.JPG,6,37,48,val
Preprocessed_Data/72 hr/pH6 Hydrolytic/cropped_72hr_pH6_W37.JPG,6,37,72,val
Preprocessed_Data/95 hr/pH6 Hydrolytic/cropped_95hr_pH6_W37.JPG,6,37,95,val
Preprocessed_Data/120 hr/pH6 Hydrolytic/cropped_120hr_pH6_W37.JPG,6,37,120,val
Preprocessed_Data/168 hr/pH6 Hydrolytic/cropped_168hr_pH6_W37.JPG,6,37,168,val
Preprocessed_Data/192 hr/pH6 Hydrolytic/cropped_192hr_pH6_W37.JPG,6,37,192,val
Preprocessed_Data/216 hr/pH6 Hydrolytic/cropped_216hr_pH6_W37.JPG,6,37,216,val
Preprocessed_Data/264 hr/pH6 Hydrolytic/cropped_264hr_pH6_W37.JPG,6,37,264,val
Preprocessed_Data/0 hr/pH6 Hydrolytic/cropped_0hr_pH6_W40.JPG,6,40,0,val
Preprocessed_Data/24 hr/pH6 Hydrolytic/cropped_24hr_pH6_W40.JPG,6,40,24,val
Preprocessed_Data/30 hr/pH6 Hydrolytic/cropped_30hr_pH6_W40.JPG,6,40,30,val
Preprocessed_Data/48 hr/pH6 Hydrolytic/cropped_48hr_pH6_W40.JPG,6,40,48,val
Preprocessed_Data/72 hr/pH6 Hydrolytic/cropped_72hr_pH6_W40.JPG,6,40,72,val
Preprocessed_Data/95 hr/pH6 Hydrolytic/cropped_95hr_pH6_W40.JPG,6,40,95,val
Preprocessed_Data/120 hr/pH6 Hydrolytic/cropped_120hr_pH6_W40.JPG,6,40,120,val
Preprocessed_Data/168 hr/pH6 Hydrolytic/cropped_168hr_pH6_W40.JPG,6,40,168,val
Preprocessed_Data/192 hr/pH6 Hydrolytic/cropped_192hr_pH6_W40.JPG,6,40,192,val
Preprocessed_Data/216 hr/pH6 Hydrolytic/cropped_216hr_pH6_W40.JPG,6,40,216,val
Preprocessed_Data/264 hr/pH6 Hydrolytic/cropped_264hr_pH6_W40.JPG,6,40,264,val
Preprocessed_Data/0 hr/pH6 Hydrolytic/cropped_0hr_pH6_W42.JPG,6,42,0,val
Preprocessed_Data/24 hr/pH6 Hydrolytic/cropped_24hr_pH6_W42.JPG,6,42,24,val
Preprocessed_Data/30 hr/pH6 Hydrolytic/cropped_30hr_pH6_W42.JPG,6,42,30,val
Preprocessed_Data/48 hr/pH6 Hydrolytic/cropped_48hr_pH6_W42.JPG,6,42,48,val
Preprocessed_Data/72 hr/pH6 Hydrolytic/cropped_72hr_pH6_W42.JPG,6,42,72,val
Preprocessed_Data/95 hr/pH6 Hydrolytic/cropped_95hr_pH6_W42.JPG,6,42,95,val
Preprocessed_Data/120 hr/pH6 Hydrolytic/cropped_120hr_pH6_W42.JPG,6,42,120,val
Preprocessed_Data/168 hr/pH6 Hydrolytic/cropped_168hr_pH6_W42.JPG,6,42,168,val
Preprocessed_Data/192 hr/pH6 Hydrolytic/cropped_192hr_pH6_W42.JPG,6,42,192,val
Preprocessed_Data/216 hr/pH6 Hydrolytic/cropped_216hr_pH6_W42.JPG,6,42,216,val
Preprocessed_Data/264 hr/pH6 Hydrolytic/cropped_264hr_pH6_W42.JPG,6,42,264,val
Preprocessed_Data/0 hr/pH6 Hydrolytic/cropped_0hr_pH6_W44.JPG,6,44,0,val
Preprocessed_Data/24 hr/pH6 Hydrolytic/cropped_24hr_pH6_W44.JPG,6,44,24,val
Preprocessed_Data/30 hr/pH6 Hydrolytic/cropped_30hr_pH6_W44.jpg,6,44,30,val
Preprocessed_Data/48 hr/pH6 Hydrolytic/cropped_48hr_pH6_W44.JPG,6,44,48,val
Preprocessed_Data/72 hr/pH6 Hydrolytic/cropped_72hr_pH6_W44.JPG,6,44,72,val
Preprocessed_Data/95 hr/pH6 Hydrolytic/cropped_95hr_pH6_W44.JPG,6,44,95,val
Preprocessed_Data/120 hr/pH6 Hydrolytic/cropped_120hr_pH6_W44.JPG,6,44,120,val
Preprocessed_Data/168 hr/pH6 Hydrolytic/cropped_168hr_pH6_W44.JPG,6,44,168,val
Preprocessed_Data/192 hr/pH6 Hydrolytic/cropped_192hr_pH6_W44.JPG,6,44,192,val
Preprocessed_Data/216 hr/pH6 Hydrolytic/cropped_216hr_pH6_W44.JPG,6,44,216,val
Preprocessed_Data/264 hr/pH6 Hydrolytic/cropped_264hr_pH6_W44.JPG,6,44,264,val
Preprocessed_Data/0 hr/pH6 Hydrolytic/cropped_0hr_pH6_W48.JPG,6,48,0,val
Preprocessed_Data/24 hr/pH6 Hydrolytic/cropped_24hr_pH6_W48.JPG,6,48,24,val
Preprocessed_Data/30 hr/pH6 Hydrolytic/cropped_30hr_pH6_W48.JPG,6,48,30,val
Preprocessed_Data/48 hr/pH6 Hydrolytic/cropped_48hr_pH6_W48.JPG,6,48,48,val
Preprocessed_Data/72 hr/pH6 Hydrolytic/cropped_72hr_pH6_W48.JPG,6,48,72,val
Preprocessed_Data/95 hr/pH6 Hydrolytic/cropped_95hr_pH6_W48.JPG,6,48,95,val
Preprocessed_Data/120 hr/pH6 Hydrolytic/cropped_120hr_pH6_W48.JPG,6,48,120,val
Preprocessed_Data/168 hr/pH6 Hydrolytic/cropped_168hr_pH6_W48.JPG,6,48,168,val
Preprocessed_Data/192 hr/pH6 Hydrolytic/cropped_192hr_pH6_W48.JPG,6,48,192,val
Preprocessed_Data/216 hr/pH6 Hydrolytic/cropped_216hr_pH6_W48.JPG,6,48,216,val
Preprocessed_Data/0 hr/pH7 Hydrolytic/cropped_0hr_pH7_W8.JPG,7,8,0,val
Preprocessed_Data/24 hr/pH7 Hydrolytic/cropped_24hr_pH7_W8.JPG,7,8,24,val
Preprocessed_Data/30 hr/pH7 Hydrolytic/cropped_30hr_pH7_W8.JPG,7,8,30,val
Preprocessed_Data/48 hr/pH7 Hydrolytic/cropped_48hr_pH7_W8.JPG,7,8,48,val
Preprocessed_Data/72 hr/pH7 Hydrolytic/cropped_72hr_pH7_W8.JPG,7,8,72,val
Preprocessed_Data/95 hr/pH7 Hydrolytic/cropped_95hr_pH7_W8.JPG,7,8,95,val
Preprocessed_Data/120 hr/pH7 Hydrolytic/cropped_120hr_pH7_W8.JPG,7,8,120,val
Preprocessed_Data/168 hr/pH7 Hydrolytic/cropped_168hr_pH7_W8.JPG,7,8,168,val
Preprocessed_Data/192 hr/pH7 Hydrolytic/cropped_192hr_pH7_W8.JPG,7,8,192,val
Preprocessed_Data/216 hr/pH7 Hydrolytic/cropped_216hr_pH7_W8.JPG,7,8,216,val
Preprocessed_Data/24 hr/pH7 Hydrolytic/cropped_24hr_pH7_W9.JPG,7,9,24,val
Preprocessed_Data/30 hr/pH7 Hydrolytic/cropped_30hr_pH7_W9.JPG,7,9,30,val
Preprocessed_Data/48 hr/pH7 Hydrolytic/cropped_48hr_pH7_W9.JPG,7,9,48,val
Preprocessed_Data/72 hr/pH7 Hydrolytic/cropped_72hr_pH7_W9.JPG,7,9,72,val
Preprocessed_Data/95 hr/pH7 Hydrolytic/cropped_95hr_pH7_W9.JPG,7,9,95,val
Preprocessed_Data/120 hr/pH7 Hydrolytic/cropped_120hr_pH7_W9.JPG,7,9,120,val
Preprocessed_Data/168 hr/pH7 Hydrolytic/cropped_168hr_pH7_W9.JPG,7,9,168,val
Preprocessed_Data/192 hr/pH7 Hydrolytic/cropped_192hr_pH7_W9.JPG,7,9,192,val
Preprocessed_Data/216 hr/pH7 Hydrolytic/cropped_216hr_pH7_W9.JPG,7,9,216,val
Preprocessed_Data/264 hr/pH7 Hydrolytic/cropped_264hr_pH7_W9.JPG,7,9,264,val
Preprocessed_Data/0 hr/pH7 Hydrolytic/cropped_0hr_pH7_W10.JPG,7,10,0,val
Preprocessed_Data/24 hr/pH7 Hydrolytic/cropped_24hr_pH7_W10.JPG,7,10,24,val
Preprocessed_Data/30 hr/pH7 Hydrolytic/cropped_30hr_pH7_W10.JPG,7,10,30,val
Preprocessed_Data/48 hr/pH7 Hydrolytic/cropped_48hr_pH7_W10.JPG,7,10,48,val
Preprocessed_Data/72 hr/pH7 Hydrolytic/cropped_72hr_pH7_W10.JPG,7,10,72,val
Preprocessed_Data/95 hr/pH7 Hydrolytic/cropped_95hr_pH7_W10.JPG,7,10,95,val
Preprocessed_Data/120 hr/pH7 Hydrolytic/cropped_120hr_pH7_W10.JPG,7,10,120,val
Preprocessed_Data/168 hr/pH7 Hydrolytic/cropped_168hr_pH7_W10.JPG,7,10,168,val
Preprocessed_Data/192 hr/pH7 Hydrolytic/cropped_192hr_pH7_W10.JPG,7,10,192,val
Preprocessed_Data/216 hr/pH7 Hydrolytic/cropped_216hr_pH7_W10.JPG,7,10,216,val
Preprocessed_Data/264 hr/pH7 Hydrolytic/cropped_264hr_pH7_W10.JPG,7,10,264,val
Preprocessed_Data/0 hr/pH7 Hydrolytic/cropped_0hr_pH7_W12.JPG,7,12,0,val
Preprocessed_Data/24 hr/pH7 Hydrolytic/cropped_24hr_pH7_W12.JPG,7,12,24,val
Preprocessed_Data/30 hr/pH7 Hydrolytic/cropped_30hr_pH7_W12.JPG,7,12,30,val
Preprocessed_Data/48 hr/pH7 Hydrolytic/cropped_48hr_pH7_W12.JPG,7,12,48,val
Preprocessed_Data/72 hr/pH7 Hydrolytic/cropped_72hr_pH7_W12.JPG,7,12,72,val
Preprocessed_Data/95 hr/pH7 Hydrolytic/cropped_95hr_pH7_W12.JPG,7,12,95,val
Preprocessed_Data/120 hr/pH7 Hydrolytic/cropped_120hr_pH7_W12.JPG,7,12,120,val
Preprocessed_Data/168 hr/pH7 Hydrolytic/cropped_168hr_pH7_W12.JPG,7,12,168,val
Preprocessed_Data/192 hr/pH7 Hydrolytic/cropped_192hr_pH7_W12.JPG,7,12,192,val
Preprocessed_Data/216 hr/pH7 Hydrolytic/cropped_216hr_pH7_W12.JPG,7,12,216,val
Preprocessed_Data/264 hr/pH7 Hydrolytic/cropped_264hr_pH7_W12.JPG,7,12,264,val
Preprocessed_Data/0 hr/pH7 Hydrolytic/cropped_0hr_pH7_W16.JPG,7,16,0,val
Preprocessed_Data/24 hr/pH7 Hydrolytic/cropped_24hr_pH7_W16.JPG,7,16,24,val
Preprocessed_Data/30 hr/pH7 Hydrolytic/cropped_30hr_pH7_W16.JPG,7,16,30,val
Preprocessed_Data/48 hr/pH7 Hydrolytic/cropped_48hr_pH7_W16.JPG,7,16,48,val
Preprocessed_Data/72 hr/pH7 Hydrolytic/cropped_72hr_pH7_W16.JPG,7,16,72,val
Preprocessed_Data/95 hr/pH7 Hydrolytic/cropped_95hr_pH7_W16.JPG,7,16,95,val
Preprocessed_Data/120 hr/pH7 Hydrolytic/cropped_120hr_pH7_W16.JPG,7,16,120,val
Preprocessed_Data/168 hr/pH7 Hydrolytic/cropped_168hr_pH7_W16.JPG,7,16,168,val
Preprocessed_Data/192 hr/pH7 Hydrolytic/cropped_192hr_pH7_W16.JPG,7,16,192,val
Preprocessed_Data/216 hr/pH7 Hydrolytic/cropped_216hr_pH7_W16.JPG,7,16,216,val
Preprocessed_Data/264 hr/pH7 Hydrolytic/cropped_264hr_pH7_W16.JPG,7,16,264,val
Preprocessed_Data/0 hr/pH7 Hydrolytic/cropped_0hr_pH7_W17.JPG,7,17,0,val
Preprocessed_Data/24 hr/pH7 Hydrolytic/cropped_24hr_pH7_W17.JPG,7,17,24,val
Preprocessed_Data/30 hr/pH7 Hydrolytic/cropped_30hr_pH7_W17.JPG,7,17,30,val
Preprocessed_Data/48 hr/pH7 Hydrolytic/cropped_48hr_pH7_W17.JPG,7,17,48,val
Preprocessed_Data/72 hr/pH7 Hydrolytic/cropped_72hr_pH7_W17.JPG,7,17,72,val
Preprocessed_Data/95 hr/pH7 Hydrolytic/cropped_95hr_pH7_W17.JPG,7,17,95,val
Preprocessed_Data/120 hr/pH7 Hydrolytic/cropped_120hr_pH7_W17.JPG,7,17,120,val
Preprocessed_Data/168 hr/pH7 Hydrolytic/cropped_168hr_pH7_W17.JPG,7,17,168,val
Preprocessed_Data/192 hr/pH7 Hydrolytic/cropped_192hr_pH7_W17.JPG,7,17,192,val
Preprocessed_Data/216 hr/pH7 Hydrolytic/cropped_216hr_pH7_W17.JPG,7,17,216,val
Preprocessed_Data/264 hr/pH7 Hydrolytic/cropped_264hr_pH7_W17.JPG,7,17,264,val
Preprocessed_Data/0 hr/pH7 Hydrolytic/cropped_0hr_pH7_W28.JPG,7,28,0,val
Preprocessed_Data/24 hr/pH7 Hydrolytic/cropped_24hr_pH7_W28.JPG,7,28,24,val
Preprocessed_Data/30 hr/pH7 Hydrolytic/cropped_30hr_pH7_W28.JPG,7,28,30,val
Preprocessed_Data/48 hr/pH7 Hydrolytic/cropped_48hr_pH7_W28.JPG,7,28,48,val
Preprocessed_Data/72 hr/pH7 Hydrolytic/cropped_72hr_pH7_W28.JPG,7,28,72,val
Preprocessed_Data/95 hr/pH7 Hydrolytic/cropped_95hr_pH7_W28.JPG,7,28,95,val
Preprocessed_Data/120 hr/pH7 Hydrolytic/cropped_120hr_pH7_W28.JPG,7,28,120,val
Preprocessed_Data/168 hr/pH7 Hydrolytic/cropped_168hr_pH7_W28.JPG,7,28,168,val
Preprocessed_Data/192 hr/pH7 Hydrolytic/cropped_192hr_pH7_W28.JPG,7,28,192,val
Preprocessed_Data/216 hr/pH7 Hydrolytic/cropped_216hr_pH7_W28.JPG,7,28,216,val
Preprocessed_Data/0 hr/pH7 Hydrolytic/cropped_0hr_pH7_W30.JPG,7,30,0,val
Preprocessed_Data/24 hr/pH7 Hydrolytic/cropped_24hr_pH7_W30.JPG,7,30,24,val
Preprocessed_Data/30 hr/pH7 Hydrolytic/cropped_30hr_pH7_W30.JPG,7,30,30,val
Preprocessed_Data/48 hr/pH7 Hydrolytic/cropped_48hr_pH7_W30.JPG,7,30,48,val
Preprocessed_Data/72 hr/pH7 Hydrolytic/cropped_72hr_pH7_W30.JPG,7,30,72,val
Preprocessed_Data/95 hr/pH7 Hydrolytic/cropped_95hr_pH7_W30.JPG,7,30,95,val
Preprocessed_Data/120 hr/pH7 Hydrolytic/cropped_120hr_pH7_W30.JPG,7,30,120,val
Preprocessed_Data/168 hr/pH7 Hydrolytic/cropped_168hr_pH7_W30.JPG,7,30,168,val
Preprocessed_Data/192 hr/pH7 Hydrolytic/cropped_192hr_pH7_W30.JPG,7,30,192,val
Preprocessed_Data/216 hr/pH7 Hydrolytic/cropped_216hr_pH7_W30.JPG,7,30,216,val
Preprocessed_Data/264 hr/pH7 Hydrolytic/cropped_264hr_pH7_W30.JPG,7,30,264,val
Preprocessed_Data/0 hr/pH7 Hydrolytic/cropped_0hr_pH7_W40.JPG,7,40,0,val
Preprocessed_Data/24 hr/pH7 Hydrolytic/cropped_24hr_pH7_W40.JPG,7,40,24,val
Preprocessed_Data/30 hr/pH7 Hydrolytic/cropped_30hr_pH7_W40.JPG,7,40,30,val
Preprocessed_Data/48 hr/pH7 Hydrolytic/cropped_48hr_pH7_W40.JPG,7,40,48,val
Preprocessed_Data/72 hr/pH7 Hydrolytic/cropped_72hr_pH7_W40.JPG,7,40,72,val
Preprocessed_Data/95 hr/pH7 Hydrolytic/cropped_95hr_pH7_W40.JPG,7,40,95,val
Preprocessed_Data/120 hr/pH7 Hydrolytic/cropped_120hr_pH7_W40.JPG,7,40,120,val
Preprocessed_Data/168 hr/pH7 Hydrolytic/cropped_168hr_pH7_W40.JPG,7,40,168,val
Preprocessed_Data/192 hr/pH7 Hydrolytic/cropped_192hr_pH7_W40.JPG,7,40,192,val
Preprocessed_Data/216 hr/pH7 Hydrolytic/cropped_216hr_pH7_W40.JPG,7,40,216,val
Preprocessed_Data/264 hr/pH7 Hydrolytic/cropped_264hr_pH7_W40.JPG,7,40,264,val
Preprocessed_Data/0 hr/pH7 Hydrolytic/cropped_0hr_pH7_W44.JPG,7,44,0,val
Preprocessed_Data/24 hr/pH7 Hydrolytic/cropped_24hr_pH7_W44.JPG,7,44,24,val
Preprocessed_Data/30 hr/pH7 Hydrolytic/cropped_30hr_pH7_W44.JPG,7,44,30,val
Preprocessed_Data/48 hr/pH7 Hydrolytic/cropped_48hr_pH7_W44.JPG,7,44,48,val
Preprocessed_Data/72 hr/pH7 Hydrolytic/cropped_72hr_pH7_W44.JPG,7,44,72,val
Preprocessed_Data/95 hr/pH7 Hydrolytic/cropped_95hr_pH7_W44.JPG,7,44,95,val
Preprocessed_Data/120 hr/pH7 Hydrolytic/cropped_120hr_pH7_W44.JPG,7,44,120,val
Preprocessed_Data/168 hr/pH7 Hydrolytic/cropped_168hr_pH7_W44.JPG,7,44,168,val
Preprocessed_Data/192 hr/pH7 Hydrolytic/cropped_192hr_pH7_W44.JPG,7,44,192,val
Preprocessed_Data/216 hr/pH7 Hydrolytic/cropped_216hr_pH7_W44.JPG,7,44,216,val
Preprocessed_Data/264 hr/pH7 Hydrolytic/cropped_264hr_pH7_W44.JPG,7,44,264,val
Preprocessed_Data/0 hr/pH8 Hydrolytic/cropped_0hr_pH8_W10.JPG,8,10,0,val
Preprocessed_Data/24 hr/pH8 Hydrolytic/cropped_24hr_pH8_W10.JPG,8,10,24,val
Preprocessed_Data/30 hr/pH8 Hydrolytic/cropped_30hr_pH8_W10.JPG,8,10,30,val
Preprocessed_Data/48 hr/pH8 Hydrolytic/cropped_48hr_pH8_W10.JPG,8,10,48,val
Preprocessed_Data/72 hr/pH8 Hydrolytic/cropped_72hr_pH8_W10.JPG,8,10,72,val
Preprocessed_Data/95 hr/pH8 Hydrolytic/cropped_95hr_pH8_W10.JPG,8,10,95,val
Preprocessed_Data/120 hr/pH8 Hydrolytic/cropped_120hr_pH8_W10.JPG,8,10,120,val
Preprocessed_Data/168 hr/pH8 Hydrolytic/cropped_168hr_pH8_W10.JPG,8,10,168,val
Preprocessed_Data/192 hr/pH8 Hydrolytic/cropped_192hr_pH8_W10.JPG,8,10,192,val
Preprocessed_Data/216 hr/pH8 Hydrolytic/cropped_216hr_pH8_W10.JPG,8,10,216,val
Preprocessed_Data/264 hr/pH8 Hydrolytic/cropped_264hr_pH8_W10.JPG,8,10,264,val
Preprocessed_Data/0 hr/pH8 Hydrolytic/cropped_0hr_pH8_W13.JPG,8,13,0,val
Preprocessed_Data/24 hr/pH8 Hydrolytic/cropped_24hr_pH8_W13.JPG,8,13,24,val
Preprocessed_Data/30 hr/pH8 Hydrolytic/cropped_30hr_pH8_W13.JPG,8,13,30,val
Preprocessed_Data/48 hr/pH8 Hydrolytic/cropped_48hr_pH8_W13.JPG,8,13,48,val
Preprocessed_Data/72 hr/pH8 Hydrolytic/cropped_72hr_pH8_W13.JPG,8,13,72,val
Preprocessed_Data/95 hr/pH8 Hydrolytic/cropped_95hr_pH8_W13.JPG,8,13,95,val
Preprocessed_Data/120 hr/pH8 Hydrolytic/cropped_120hr_pH8_W13.JPG,8,13,120,val
Preprocessed_Data/168 hr/pH8 Hydrolytic/cropped_168hr_pH8_W13.JPG,8,13,168,val
Preprocessed_Data/192 hr/pH8 Hydrolytic/cropped_192hr_pH8_W13.JPG,8,13,192,val
Preprocessed_Data/216 hr/pH8 Hydrolytic/cropped_216hr_pH8_W13.JPG,8,13,216,val
Preprocessed_Data/264 hr/pH8 Hydrolytic/cropped_264hr_pH8_W13.JPG,8,13,264,val
Preprocessed_Data/0 hr/pH8 Hydrolytic/cropped_0hr_pH8_W16.JPG,8,16,0,val
Preprocessed_Data/24 hr/pH8 Hydrolytic/cropped_24hr_pH8_W16.JPG,8,16,24,val
Preprocessed_Data/30 hr/pH8 Hydrolytic/cropped_30hr_pH8_W16.JPG,8,16,30,val
Preprocessed_Data/48 hr/pH8 Hydrolytic/cropped_48hr_pH8_W16.JPG,8,16,48,val
Preprocessed_Data/72 hr/pH8 Hydrolytic/cropped_72hr_pH8_W16.JPG,8,16,72,val
Preprocessed_Data/95 hr/pH8 Hydrolytic/cropped_95hr_pH8_W16.JPG,8,16,95,val
Preprocessed_Data/120 hr/pH8 Hydrolytic/cropped_120hr_pH8_W16.JPG,8,16,120,val
Preprocessed_Data/168 hr/pH8 Hydrolytic/cropped_168hr_pH8_W16.JPG,8,16,168,val
Preprocessed_Data/192 hr/pH8 Hydrolytic/cropped_192hr_pH8_W16.JPG,8,16,192,val
Preprocessed_Data/216 hr/pH8 Hydrolytic/cropped_216hr_pH8_W16.JPG,8,16,216,val
Preprocessed_Data/264 hr/pH8 Hydrolytic/cropped_264hr_pH8_W16.JPG,8,16,264,val
Preprocessed_Data/0 hr/pH8 Hydrolytic/cropped_0hr_pH8_W21.JPG,8,21,0,val
Preprocessed_Data/24 hr/pH8 Hydrolytic/cropped_24hr_pH8_W21.JPG,8,21,24,val
Preprocessed_Data/30 hr/pH8 Hydrolytic/cropped_30hr_pH8_W21.JPG,8,21,30,val
Preprocessed_Data/48 hr/pH8 Hydrolytic/cropped_48hr_pH8_W21.JPG,8,21,48,val
Preprocessed_Data/72 hr/pH8 Hydrolytic/cropped_72hr_pH8_W21.JPG,8,21,72,val
Preprocessed_Data/95 hr/pH8 Hydrolytic/cropped_95hr_pH8_W21.JPG,8,21,95,val
Preprocessed_Data/120 hr/pH8 Hydrolytic/cropped_120hr_pH8_W21.JPG,8,21,120,val
Preprocessed_Data/168 hr/pH8 Hydrolytic/cropped_168hr_pH8_W21.JPG,8,21,168,val
Preprocessed_Data/192 hr/pH8 Hydrolytic/cropped_192hr_pH8_W21.JPG,8,21,192,val
Preprocessed_Data/216 hr/pH8 Hydrolytic/cropped_216hr_pH8_W21.JPG,8,21,216,val
Preprocessed_Data/264 hr/pH8 Hydrolytic/cropped_264hr_pH8_W21.JPG,8,21,264,val
Preprocessed_Data/0 hr/pH8 Hydrolytic/cropped_0hr_pH8_W24.JPG,8,24,0,val
Preprocessed_Data/24 hr/pH8 Hydrolytic/cropped_24hr_pH8_W24.JPG,8,24,24,val
Preprocessed_Data/30 hr/pH8 Hydrolytic/cropped_30hr_pH8_W24.jpg,8,24,30,val
Preprocessed_Data/48 hr/pH8 Hydrolytic/cropped_48hr_pH8_W24.JPG,8,24,48,val
Preprocessed_Data/72 hr/pH8 Hydrolytic/cropped_72hr_pH8_W24.JPG,8,24,72,val
Preprocessed_Data/95 hr/pH8 Hydrolytic/cropped_95hr_pH8_W24.JPG,8,24,95,val
Preprocessed_Data/120 hr/pH8 Hydrolytic/cropped_120hr_pH8_W24.JPG,8,24,120,val
Preprocessed_Data/168 hr/pH8 Hydrolytic/cropped_168hr_pH8_W24.JPG,8,24,168,val
Preprocessed_Data/192 hr/pH8 Hydrolytic/cropped_192hr_pH8_W24.JPG,8,24,192,val
Preprocessed_Data/216 hr/pH8 Hydrolytic/cropped_216hr_pH8_W24.JPG,8,24,216,val
Preprocessed_Data/264 hr/pH8 Hydrolytic/cropped_264hr_pH8_W24.JPG,8,24,264,val
Preprocessed_Data/0 hr/pH8 Hydrolytic/cropped_0hr_pH8_W34.JPG,8,34,0,val
Preprocessed_Data/24 hr/pH8 Hydrolytic/cropped_24hr_pH8_W34.JPG,8,34,24,val
Preprocessed_Data/30 hr/pH8 Hydrolytic/cropped_30hr_pH8_W34.JPG,8,34,30,val
Preprocessed_Data/48 hr/pH8 Hydrolytic/cropped_48hr_pH8_W34.JPG,8,34,48,val
Preprocessed_Data/72 hr/pH8 Hydrolytic/cropped_72hr_pH8_W34.JPG,8,34,72,val
Preprocessed_Data/95 hr/pH8 Hydrolytic/cropped_95hr_pH8_W34.JPG,8,34,95,val
Preprocessed_Data/120 hr/pH8 Hydrolytic/cropped_120hr_pH8_W34.JPG,8,34,120,val
Preprocessed_Data/168 hr/pH8 Hydrolytic/cropped_168hr_pH8_W34.JPG,8,34,168,val
Preprocessed_Data/192 hr/pH8 Hydrolytic/cropped_192hr_pH8_W34.JPG,8,34,192,val
Preprocessed_Data/216 hr/pH8 Hydrolytic/cropped_216hr_pH8_W34.JPG,8,34,216,val
Preprocessed_Data/264 hr/pH8 Hydrolytic/cropped_264hr_pH8_W34.JPG,8,34,264,val
Preprocessed_Data/0 hr/pH8 Hydrolytic/cropped_0hr_pH8_W39.JPG,8,39,0,val
Preprocessed_Data/24 hr/pH8 Hydrolytic/cropped_24hr_pH8_W39.JPG,8,39,24,val
Preprocessed_Data/30 hr/pH8 Hydrolytic/cropped_30hr_pH8_W39.jpg,8,39,30,val
Preprocessed_Data/48 hr/pH8 Hydrolytic/cropped_48hr_pH8_W39.JPG,8,39,48,val
Preprocessed_Data/72 hr/pH8 Hydrolytic/cropped_72hr_pH8_W39.JPG,8,39,72,val
Preprocessed_Data/95 hr/pH8 Hydrolytic/cropped_95hr_pH8_W39.JPG,8,39,95,val
Preprocessed_Data/120 hr/pH8 Hydrolytic/cropped_120hr_pH8_W39.JPG,8,39,120,val
Preprocessed_Data/168 hr/pH8 Hydrolytic/cropped_168hr_pH8_W39.JPG,8,39,168,val
Preprocessed_Data/192 hr/pH8 Hydrolytic/cropped_192hr_pH8_W39.JPG,8,39,192,val
Preprocessed_Data/216 hr/pH8 Hydrolytic/cropped_216hr_pH8_W39.JPG,8,39,216,val
Preprocessed_Data/264 hr/pH8 Hydrolytic/cropped_264hr_pH8_W39.JPG,8,39,264,val
Preprocessed_Data/0 hr/pH8 Hydrolytic/cropped_0hr_pH8_W42.JPG,8,42,0,val
Preprocessed_Data/24 hr/pH8 Hydrolytic/cropped_24hr_pH8_W42.JPG,8,42,24,val
Preprocessed_Data/30 hr/pH8 Hydrolytic/cropped_30hr_pH8_W42.JPG,8,42,30,val
Preprocessed_Data/48 hr/pH8 Hydrolytic/cropped_48hr_pH8_W42.JPG,8,42,48,val
Preprocessed_Data/72 hr/pH8 Hydrolytic/cropped_72hr_pH8_W42.JPG,8,42,72,val
Preprocessed_Data/95 hr/pH8 Hydrolytic/cropped_95hr_pH8_W42.JPG,8,42,95,val
Preprocessed_Data/120 hr/pH8 Hydrolytic/cropped_120hr_pH8_W42.JPG,8,42,120,val
Preprocessed_Data/168 hr/pH8 Hydrolytic/cropped_168hr_pH8_W42.JPG,8,42,168,val
Preprocessed_Data/192 hr/pH8 Hydrolytic/cropped_192hr_pH8_W42.JPG,8,42,192,val
Preprocessed_Data/216 hr/pH8 Hydrolytic/cropped_216hr_pH8_W42.JPG,8,42,216,val
Preprocessed_Data/264 hr/pH8 Hydrolytic/cropped_264hr_pH8_W42.JPG,8,42,264,val
Preprocessed_Data/0 hr/pH8 Hydrolytic/cropped_0hr_pH8_W46.JPG,8,46,0,val
Preprocessed_Data/24 hr/pH8 Hydrolytic/cropped_24hr_pH8_W46.JPG,8,46,24,val
Preprocessed_Data/30 hr/pH8 Hydrolytic/cropped_30hr_pH8_W46.JPG,8,46,30,val
Preprocessed_Data/48 hr/pH8 Hydrolytic/cropped_48hr_pH8_W46.JPG,8,46,48,val
Preprocessed_Data/72 hr/pH8 Hydrolytic/cropped_72hr_pH8_W46.JPG,8,46,72,val
Preprocessed_Data/95 hr/pH8 Hydrolytic/cropped_95hr_pH8_W46.JPG,8,46,95,val
Preprocessed_Data/120 hr/pH8 Hydrolytic/cropped_120hr_pH8_W46.JPG,8,46,120,val
Preprocessed_Data/168 hr/pH8 Hydrolytic/cropped_168hr_pH8_W46.JPG,8,46,168,val
Preprocessed_Data/192 hr/pH8 Hydrolytic/cropped_192hr_pH8_W46.JPG,8,46,192,val
Preprocessed_Data/216 hr/pH8 Hydrolytic/cropped_216hr_pH8_W46.JPG,8,46,216,val
Preprocessed_Data/264 hr/pH8 Hydrolytic/cropped_264hr_pH8_W46.JPG,8,46,264,val
Preprocessed_Data/0 hr/pH8 Hydrolytic/cropped_0hr_pH8_W48.JPG,8,48,0,val
Preprocessed_Data/24 hr/pH8 Hydrolytic/cropped_24hr_pH8_W48.JPG,8,48,24,val
Preprocessed_Data/30 hr/pH8 Hydrolytic/cropped_30hr_pH8_W48.JPG,8,48,30,val
Preprocessed_Data/48 hr/pH8 Hydrolytic/cropped_48hr_pH8_W48.JPG,8,48,48,val
Preprocessed_Data/72 hr/pH8 Hydrolytic/cropped_72hr_pH8_W48.JPG,8,48,72,val
Preprocessed_Data/95 hr/pH8 Hydrolytic/cropped_95hr_pH8_W48.JPG,8,48,95,val
Preprocessed_Data/120 hr/pH8 Hydrolytic/cropped_120hr_pH8_W48.JPG,8,48,120,val
Preprocessed_Data/168 hr/pH8 Hydrolytic/cropped_168hr_pH8_W48.JPG,8,48,168,val
Preprocessed_Data/192 hr/pH8 Hydrolytic/cropped_192hr_pH8_W48.JPG,8,48,192,val
Preprocessed_Data/216 hr/pH8 Hydrolytic/cropped_216hr_pH8_W48.JPG,8,48,216,val
Preprocessed_Data/264 hr/pH8 Hydrolytic/cropped_264hr_pH8_W48.JPG,8,48,264,val
